"","ID","OWC","eHRAF.Name","EA.ID","PSF.Cluster","group","DQ","all_est_count_30","all_sev_est_count_30","countdr_30","countsevdr_30","countfl_30","countsevfl_30","countLAPD_30","countsevLAPD_30","freqdr_30","freqsevdr_30","freqfl_30","freqsevfl_30","freqLAPD_30","freqsevLAPD_30","all_freq_30","all_freq_sev_30","all_onset_avg_30","all_onset_mode_30","all_pred_avg_30","all_pred_mode_30","all_severe_avg_30","all_severe_mode_30","all_div_30","all_div_sev_30","duration_30","freqdr_30_IA","freqsevdr_30_IA","freqfl_30_IA","freqsevfl_30_IA","freqLAPD_30_IA","freqsevLAPD_30_IA","all_freq_30_IA","all_freq_sev_30_IA","fd_est_count_30","fd_freq_30","fd_onset_avg_30","fd_onset_mode_30","fd_pred_avg_30","fd_pred_mode_30","fd_severe_avg_30","fd_severe_mode_30","fd_div_30","fd_freq_30_IA","sevnonfd_est_count_30","sevnonfd_freq_30","sevnonfd_onset_avg_30","sevnonfd_onset_mode_30","sevnonfd_pred_avg_30","sevnonfd_pred_mode_30","sevnonfd_severe_avg_30","sevnonfd_severe_mode_30","sevnonfd_div_30","sevnonfd_freq_30_IA","nonsev_est_count_30","nonsev_freq_30","nonsev_onset_avg_30","nonsev_onset_mode_30","nonsev_pred_avg_30","nonsev_pred_mode_30","nonsev_severe_avg_30","nonsev_severe_mode_30","nonsev_div_30","nonsev_freq_30_IA","threat_count","all_est_count_30_IA","all_sev_est_count_30_IA","countdr_30_IA","countsevdr_30_IA","countfl_30_IA","countsevfl_30_IA","countLAPD_30_IA","countsevLAPD_30_IA","fd_est_count_30_IA","sevnonfd_est_count_30_IA","nonsev_est_count_30_IA","threat_count_IA","NAME","ea033","hier_beyond_com","intensity_agricult","class_strat","community_size","IBSS.Sample","LS1_Resolved","LS2_Res_IA_2","LS3_Res_IA_2","LS4_Res_IA_2","LS5_Res_IA_2","LS2LS3Sum_IA_2","LS2LS3LS4Sum_IA_2","S1Resolved","S2_Resolved_IA_TR","S3_Resolved_IA_TR","S4_Resolved_IA_TR","SumS2S3_corrected","S5Resolved","S6Resolved","S8Resolved","S2bRes_outside","S3bRes_outside","S4bRes_outside","S5bRes_outside","S6bRes_outside","S2cRes_nonkin","S3cRes_nonkin","S4cRes_nonkin","S5cRes_nonkin","S6cRes_nonkin","LS2d_outside_Res","LS2e_nonkin_Res","LS3d_outside_Res","LS3e_nonkin_Res","LS4d_outside_Res","LS4e_nonkin_Res","LS5d_outside_Res","LS5e_nonkin_Res","S1_Resolved","S5_Resolved","S6_Resolved","LS2b_communal_Res","LS3b_communal_Res","LS4b_communal_Res","LS5b_communal_Res","LS6b_communal_Res","LS2c_leader_Res","LS3c_leader_Res","LS4c_leader_Res","LS5c_leader_Res","LS6c_leader_Res","LS7c_leader_Res","LS6d_outside_Res","LS7d_outside_Res","LS6e_nonkin_Res","LS7e_nonkin_Res"
"1",1,"FX13","Khoi","Aa03",NA,"JGE",2,23,1,1,1,NA,NA,22,NA,3,3,NA,NA,7,NA,7,3,1.957,2,1.957,2,2.043,2,3,1,NA,3,3,1,1,7,1,7,3,1,3,1,1,1,1,3,3,1,3,NA,NA,NA,NA,NA,NA,NA,NA,NA,1,22,7,2,2,2,2,2,2,2,7,NA,23,1,1,1,0,0,22,0,1,0,22,0,"nama Hottentot",2,2,1,2,3,1,1,0,1,NA,NA,1,NA,1,NA,NA,0,NA,1,1,NA,NA,NA,NA,0,NA,NA,NA,NA,1,1,0,0,0,0,NA,NA,NA,NA,NA,NA,NA,NA,NA,NA,NA,NA,NA,NA,NA,NA,NA,NA,NA,NA,NA,NA
"2",2,"FX10","San","Aa01",NA,"JGE",1,69,9,5,5,NA,NA,NA,NA,5,5,NA,NA,NA,NA,7,5,1.928,2,2.928,3,1.913,2,5,2,0,5,5,1,1,1,1,7,5,9,5,1.444,1,2.444,2,3.556,4,2,5,NA,NA,NA,NA,NA,NA,NA,NA,NA,1,60,7,2,2,3,3,1.667,2,3,7,2,69,9,5,5,0,0,0,0,9,0,60,2,"Kung Bushmen",1,1,1,1,1,1,1,1,1,0,0,2,2,1,1,1,0,2,1,1,1,0,1,NA,1,1,0,0,NA,1,1,0,1,0,1,0,0,0,NA,NA,NA,NA,NA,NA,NA,NA,NA,NA,NA,NA,NA,NA,NA,NA,NA,NA,NA
"3",4,"FQ09","Lozi","Ab03","2","MINERVA",1,22,NA,NA,NA,2,NA,NA,NA,NA,NA,4,NA,NA,NA,7,NA,1.045,1,2,2,2.045,2,2,NA,NA,1,1,4,1,1,1,7,1,NA,NA,NA,NA,NA,NA,NA,NA,NA,1,NA,NA,NA,NA,NA,NA,NA,NA,NA,1,22,7,1.045,1,2,2,2.045,2,2,7,NA,22,0,0,0,2,0,0,0,0,0,22,0,"Lozi",4,4,5,4,2,NA,1,1,1,1,1,2,3,NA,0,0,NA,0,NA,NA,NA,NA,NA,NA,NA,NA,NA,NA,NA,NA,NA,1,1,1,1,1,1,NA,NA,1,NA,NA,NA,1,1,NA,NA,0,0,1,0,NA,NA,NA,NA,NA,NA
"4",5,"FP13","Ovimbundu","Ab05",NA,"MINERVA",3,10,6,6,2,NA,NA,NA,NA,5,4,NA,NA,NA,NA,6,5,1.4,1,2,2,3.667,4,2,2,0,5,4,NA,NA,NA,NA,6,5,2,4,1,1,2,2,3,3,1,4,4,5,2,2,2,2,4,4,1,5,NA,NA,NA,NA,NA,NA,NA,NA,NA,NA,NA,10,6,6,2,NA,NA,NA,NA,2,4,NA,NA,"Mbundu",3,3,3,4,4,NA,1,0,0,1,1,0,1,1,0,0,1,0,1,1,NA,0,0,0,NA,1,0,0,1,NA,1,0,0,0,0,1,1,0,NA,1,1,1,0,0,1,0,NA,0,0,1,0,NA,0,NA,1,NA,1
"5",7,"FQ05","Bemba","Ac03","3","MINERVA",2,22,22,NA,NA,NA,NA,NA,NA,NA,NA,NA,NA,NA,NA,7,7,2,2,2.909,3,3,3,2,2,NA,1,1,1,1,1,1,7,7,NA,NA,NA,NA,NA,NA,NA,NA,NA,1,22,7,2,2,2.909,3,3,3,2,7,NA,2,NA,NA,NA,NA,NA,NA,NA,2,4,22,22,0,0,0,0,0,0,0,22,0,4,"Bemba",3,3,3,4,3,NA,1,1,1,1,1,2,3,NA,1,1,0,2,NA,NA,NA,1,1,NA,1,1,0,1,NA,1,1,0,0,0,1,0,1,0,1,1,1,1,0,0,1,0,1,0,1,1,0,0,1,1,0,0,1
"6",8,"FN17","Nyakyusa and Ngonde","Ad06",NA,"JGE",2,20,NA,NA,NA,20,NA,NA,NA,2,NA,7,NA,NA,NA,7,NA,2,2,3,3,2,2,1,NA,NA,2,1,7,1,1,1,7,1,NA,NA,NA,NA,NA,NA,NA,NA,NA,1,NA,NA,NA,NA,NA,NA,NA,NA,NA,1,20,7,2,2,3,3,2,2,1,7,5,20,0,0,0,20,0,0,0,0,0,20,5,"Nyakyusa",3,3,5,1,3,1,1,1,0,0,1,1,1,1,1,0,0,1,1,1,NA,0,NA,NA,0,1,1,NA,NA,1,1,0,1,NA,NA,NA,NA,NA,0,NA,NA,NA,NA,NA,NA,NA,NA,NA,NA,NA,NA,NA,NA,NA,NA,NA,NA
"7",12,"FK07","Ganda","Ad07","4","JGE",1,40,NA,NA,NA,NA,NA,NA,NA,2,2,NA,NA,NA,NA,7,2,2,2,2.5,3,2.25,2,2,NA,NA,2,2,1,1,1,1,7,2,NA,2,NA,NA,NA,NA,NA,NA,NA,2,NA,NA,NA,NA,NA,NA,NA,NA,NA,1,40,7,2,2,2.5,3,2.25,2,2,7,3,40,0,0,0,0,0,0,0,0,0,40,3,"Ganda",4,4,5,4,7,1,1,0,1,0,1,1,1,1,0,1,0,1,1,NA,NA,NA,0,NA,NA,NA,NA,1,NA,0,NA,0,0,0,1,NA,NA,0,0,NA,NA,NA,NA,NA,NA,NA,NA,NA,NA,NA,NA,NA,NA,NA,NA,NA,NA
"8",13,"FO04","Mbuti","Aa05","1","JGE",2,11,5,NA,NA,4,NA,1,1,NA,NA,5,NA,3,3,6,5,2,2,1,1,2.545,2,4,2,NA,1,1,5,1,3,3,6,5,5,5,2,2,1,1,3.2,3,2,5,NA,NA,NA,NA,NA,NA,NA,NA,NA,1,6,5,2,2,1,1,2,2,2,5,NA,11,5,0,0,4,0,1,1,5,0,6,0,"Mbuti",1,1,1,1,3,1,1,1,0,0,1,1,1,1,1,0,0,1,1,1,0,0,NA,NA,NA,1,1,NA,NA,NA,1,0,1,NA,NA,NA,NA,0,1,NA,NA,NA,NA,NA,NA,NA,NA,NA,NA,NA,NA,NA,NA,NA,NA,NA,NA
"9",16,"FF57","Tiv","Ah03","9","MINERVA",2,6,NA,4,NA,NA,NA,NA,NA,5,NA,NA,NA,NA,NA,5,NA,1.333,1,2.333,3,2,2,2,NA,NA,5,1,1,1,1,1,5,1,2,4,2,2,1,1,2,2,1,4,NA,NA,NA,NA,NA,NA,NA,NA,NA,1,6,5,1.333,1,2.333,3,2,2,2,5,NA,6,0,4,0,0,0,0,0,2,0,6,0,"Tiv",2,2,3,1,4,NA,1,0,1,1,1,1,2,NA,1,1,1,2,NA,NA,NA,0,1,NA,1,NA,1,1,1,1,1,NA,NA,1,1,0,1,1,1,1,1,1,NA,0,0,1,NA,NA,NA,1,1,NA,NA,NA,NA,NA,NA
"10",19,"FE12","Akan","Af03","6","MINERVA",2,3,2,NA,NA,2,2,NA,NA,NA,NA,4,4,NA,NA,4,4,1.333,1,1.667,2,3.333,4,2,1,NA,1,1,4,4,1,1,4,4,NA,NA,NA,NA,NA,NA,NA,NA,NA,1,2,4,1,1,2,2,4,4,1,4,1,3,2,2,1,1,2,2,1,3,NA,3,2,0,0,2,2,0,0,0,2,1,0,"Ashanti",3,3,3,4,7,NA,1,0,NA,NA,NA,NA,NA,NA,1,0,NA,1,NA,NA,NA,0,NA,NA,NA,NA,0,NA,NA,NA,NA,NA,NA,NA,NA,NA,NA,NA,NA,1,NA,NA,NA,NA,NA,NA,NA,NA,NA,NA,NA,NA,NA,NA,NA,NA,NA
"11",21,"MS30","Wolof","Cb02","7","JGE",2,22,2,1,1,NA,NA,1,1,3,3,NA,NA,3,3,7,4,1.955,2,2.818,3,2.091,2,3,2,0,3,3,1,1,3,3,7,4,2,4,1.5,2,1,1,3,3,2,4,NA,NA,NA,NA,NA,NA,NA,NA,NA,1,20,7,2,2,3,3,2,2,1,7,NA,22,2,1,1,0,0,1,1,2,0,20,0,"Wolof",3,3,3,5,8,1,1,1,0,1,0,1,2,1,0,1,1,1,1,1,NA,NA,1,NA,NA,1,NA,0,NA,NA,0,0,1,NA,NA,0,1,NA,NA,NA,NA,NA,NA,NA,NA,NA,NA,NA,NA,NA,NA,NA,NA,NA,NA,NA,NA
"12",22,"FA08","Bambara","Ag01",NA,"JGE",3,20,NA,NA,NA,NA,NA,NA,NA,2,2,NA,NA,NA,NA,7,2,2,2,3,3,2,2,1,NA,NA,2,2,NA,NA,NA,NA,7,2,NA,2,NA,NA,NA,NA,NA,NA,NA,2,NA,NA,NA,NA,NA,NA,NA,NA,NA,NA,20,7,2,2,3,3,2,2,1,7,2,20,NA,NA,NA,NA,NA,NA,NA,NA,NA,20,2,"Bambara",2,2,5,4,7,1,1,NA,NA,1,NA,NA,NA,1,0,1,1,1,1,NA,1,NA,NA,NA,0,NA,NA,NA,NA,1,NA,NA,NA,NA,NA,0,1,NA,NA,NA,NA,NA,NA,NA,NA,NA,NA,NA,NA,NA,NA,NA,NA,NA,NA,NA,NA
"13",23,"FE11","Tallensi","Ag04",NA,"JGE",2,8,6,2,2,NA,NA,3,1,4,4,NA,NA,4,3,5,5,1.5,1,1.125,1,3.125,4,5,4,0,4,4,1,1,4,3,5,5,6,5,1.5,1,1.167,1,3.5,4,4,5,NA,NA,NA,NA,NA,NA,NA,NA,NA,1,2,4,NA,NA,1,1,2,2,1,4,NA,8,6,2,2,0,0,3,1,6,0,2,0,"Tallensi",1,1,5,2,5,1,1,NA,1,1,1,1,2,1,0,1,1,1,1,1,0,NA,1,1,NA,NA,NA,0,1,NA,NA,NA,NA,1,1,0,0,0,1,NA,NA,NA,NA,NA,NA,NA,NA,NA,NA,NA,NA,NA,NA,NA,NA,NA,NA
"14",24,"MS20","Songhai","Cb03",NA,"JGE",2,40,NA,NA,NA,NA,NA,NA,NA,NA,NA,NA,NA,NA,NA,7,NA,2,2,3,3,1.5,2,2,NA,NA,1,1,1,1,1,1,7,1,NA,NA,NA,NA,NA,NA,NA,NA,NA,1,NA,NA,NA,NA,NA,NA,NA,NA,NA,1,40,7,2,2,3,3,1.5,2,2,7,NA,40,0,0,0,0,0,0,0,0,0,40,0,"Songhai",4,4,5,5,7,1,1,NA,NA,1,NA,NA,NA,1,0,NA,1,NA,1,NA,1,NA,NA,0,0,NA,NA,NA,1,1,NA,NA,NA,NA,NA,0,0,NA,NA,NA,NA,NA,NA,NA,NA,NA,NA,NA,NA,NA,NA,NA,NA,NA,NA,NA,NA
"15",25,"MS11","Fulani","Cb24",NA,NA,1,35,8,3,1,1,1,3,1,4,3,3,3,4,3,7,5,1.886,2,2.229,3,2.286,2,8,5,1,4,3,3,3,4,3,7,5,6,5,1.833,2,1,1,3,3,3,5,2,4,1.5,2,1,1,3,3,2,4,27,7,1.926,2,2.593,3,2.074,2,4,7,NA,35,8,3,1,1,1,3,1,6,2,27,0,"Pastoral Fulani",2,NA,2,1,3,1,1,0,NA,1,NA,NA,NA,1,0,NA,1,NA,1,NA,1,NA,NA,1,1,NA,NA,NA,0,1,NA,0,0,NA,NA,0,0,NA,NA,NA,NA,NA,NA,NA,NA,NA,NA,NA,NA,NA,NA,NA,NA,NA,NA,NA,NA
"16",26,"MS12","Hausa","Cb26","10","JGE",2,26,4,4,4,NA,NA,2,NA,5,5,NA,NA,4,NA,7,5,1.846,2,2.692,3,2.154,2,3,1,NA,5,5,1,1,4,1,7,5,4,5,1,1,2,2,3,3,1,5,NA,NA,NA,NA,NA,NA,NA,NA,NA,1,22,7,2,2,2.818,3,2,2,2,7,NA,26,4,4,4,0,0,2,0,4,0,22,0,"Hausa",4,4,6,5,8,1,1,1,1,1,1,2,3,1,0,NA,1,NA,1,NA,NA,NA,NA,NA,NA,NA,NA,NA,0,0,NA,0,0,NA,1,0,1,0,1,NA,NA,NA,NA,NA,NA,NA,NA,NA,NA,NA,NA,NA,NA,NA,NA,NA,NA
"17",27,"FI21","Masa","Ai09",NA,NA,2,22,2,1,1,20,NA,1,1,3,3,7,NA,3,3,7,4,1.955,2,2.818,3,2.182,2,3,2,0,3,3,7,1,3,3,7,4,2,4,1.5,2,1,1,4,4,2,4,NA,NA,NA,NA,NA,NA,NA,NA,NA,1,20,7,2,2,3,3,2,2,1,7,NA,22,2,1,1,20,0,1,1,2,0,20,0,"Massa (Masa)",1,1,6,1,4,1,1,0,1,1,0,1,2,NA,NA,NA,NA,NA,NA,NA,NA,NA,NA,NA,NA,NA,NA,NA,NA,NA,NA,0,0,NA,NA,0,1,NA,NA,NA,NA,NA,NA,NA,NA,NA,NA,NA,NA,NA,NA,NA,NA,NA,NA,NA,NA
"18",28,"FO07","Azande","Ai03","5","MINERVA",3,22,2,NA,NA,NA,NA,2,2,NA,NA,NA,NA,4,4,7,4,2,2,2.818,3,2.182,2,3,2,NA,NA,NA,NA,NA,4,4,7,4,2,4,NA,NA,1,1,4,4,2,4,NA,NA,NA,NA,NA,NA,NA,NA,NA,NA,20,7,2,2,3,3,2,2,1,7,NA,22,2,NA,NA,NA,NA,2,2,2,NA,20,NA,"Azande",3,3,3,4,3,NA,1,0,NA,NA,NA,NA,NA,NA,1,0,0,1,NA,NA,NA,0,NA,NA,0,1,1,NA,NA,1,1,NA,NA,NA,NA,NA,NA,NA,NA,1,1,1,NA,NA,NA,NA,NA,NA,NA,NA,NA,NA,NA,NA,NA,NA,NA
"19",29,"MQ08","Fur","Cb17",NA,"JGE",3,10,NA,NA,NA,NA,NA,10,NA,NA,NA,NA,NA,6,2,6,2,2,2,2,2,2.5,2.5,1,NA,NA,NA,NA,NA,NA,6,2,6,2,NA,2,NA,NA,NA,NA,NA,NA,NA,2,NA,NA,NA,NA,NA,NA,NA,NA,NA,NA,10,6,2,2,2,2,2.5,2.5,1,6,1,10,NA,NA,NA,NA,NA,10,NA,NA,NA,10,1,"Fur (Darfur)",4,4,5,4,3,1,1,1,0,1,0,1,2,1,NA,NA,1,NA,1,NA,NA,NA,NA,0,1,NA,NA,NA,1,1,NA,0,NA,NA,NA,0,NA,NA,NA,NA,NA,NA,NA,NA,NA,NA,NA,NA,NA,NA,NA,NA,NA,NA,NA,NA,NA
"20",30,"FJ21","Nuba","Ai10",NA,"JGE",2,24,4,2,2,NA,NA,2,2,4,4,NA,NA,4,4,7,5,1.917,2,1.833,2,1.333,1,3,2,NA,4,4,1,1,4,4,7,5,4,5,1.5,2,1,1,3,3,2,5,NA,NA,NA,NA,NA,NA,NA,NA,NA,1,20,7,2,2,2,2,1,1,1,7,NA,24,4,2,2,0,0,2,2,4,0,20,0,"Otoro Nuba",2,2,5,2,5,1,1,0,1,1,1,1,2,1,0,1,0,1,1,NA,1,NA,NA,NA,1,NA,NA,NA,NA,NA,NA,0,0,0,1,0,1,0,1,NA,NA,NA,NA,NA,NA,NA,NA,NA,NA,NA,NA,NA,NA,NA,NA,NA,NA
"21",32,"MP19","Mao","Ai47",NA,"JGE",2,NA,NA,NA,NA,NA,NA,NA,NA,NA,NA,NA,NA,NA,2,2,2,NA,NA,NA,NA,NA,NA,NA,NA,NA,1,1,1,1,1,2,2,2,NA,NA,NA,NA,NA,NA,NA,NA,NA,1,NA,2,NA,NA,NA,NA,NA,NA,NA,2,NA,NA,NA,NA,NA,NA,NA,NA,NA,1,2,0,0,0,0,0,0,0,0,0,0,0,2,"Mao",2,2,3,1,2,1,NA,NA,NA,NA,NA,NA,NA,1,0,1,1,1,1,NA,NA,NA,NA,NA,NA,NA,NA,NA,NA,1,NA,NA,NA,NA,NA,NA,NA,NA,NA,NA,NA,NA,NA,NA,NA,NA,NA,NA,NA,NA,NA,NA,NA,NA,NA,NA,NA
"22",34,"FL12","Maasai","Aj02","11",NA,1,3,3,NA,NA,NA,NA,3,3,NA,NA,NA,NA,4,4,4,4,1,1,1,1,4,4,1,1,5,1,1,1,1,4,4,4,4,3,4,1,1,1,1,4,4,1,4,NA,NA,NA,NA,NA,NA,NA,NA,NA,1,NA,NA,NA,NA,NA,NA,NA,NA,NA,1,NA,3,3,0,0,0,0,3,3,3,0,0,0,"Masai",2,2,1,1,4,1,NA,NA,NA,NA,NA,NA,NA,1,NA,0,1,NA,1,1,NA,NA,NA,0,1,1,NA,NA,NA,1,1,NA,NA,NA,NA,NA,NA,NA,NA,NA,NA,NA,NA,NA,NA,NA,NA,NA,NA,NA,NA,NA,NA,NA,NA,NA,NA
"23",35,"MP17","Konso","Ca01",NA,NA,1,48,4,4,4,4,NA,20,NA,5,5,5,NA,7,2,7,5,1.917,2,1.917,1,2.167,2,4,1,NA,5,5,5,1,7,2,7,5,4,5,1,1,1,1,4,4,1,5,NA,NA,NA,NA,NA,NA,NA,NA,NA,1,44,7,2,2,2,1,2,2,3,7,2,48,4,4,4,4,0,20,0,4,0,44,2,"Konso",1,1,5,2,6,1,1,NA,1,NA,NA,NA,NA,1,0,1,0,1,1,1,1,NA,NA,NA,NA,NA,NA,1,NA,1,NA,NA,NA,0,1,NA,NA,NA,NA,NA,NA,NA,NA,NA,NA,NA,NA,NA,NA,NA,NA,NA,NA,NA,NA,NA,NA
"24",36,"MO04","Somali","Ca02","12","JGE",2,9,8,2,2,NA,NA,3,2,4,4,NA,NA,4,4,5,5,1.333,1,1.111,1,3.222,3,4,3,NA,4,4,1,1,4,4,5,5,8,5,1.25,1,1,1,3.375,3,3,5,NA,NA,NA,NA,NA,NA,NA,NA,NA,1,1,3,2,2,2,2,2,2,1,3,NA,9,8,2,2,0,0,3,2,8,0,1,0,"Somali",3,3,5,2,1,1,1,0,1,0,1,1,1,1,0,1,0,1,1,1,NA,NA,NA,NA,1,1,NA,0,NA,1,1,NA,NA,1,1,NA,NA,1,1,NA,NA,NA,NA,NA,NA,NA,NA,NA,NA,NA,NA,NA,NA,NA,NA,NA,NA
"25",37,"MP05","Amhara","Ca07","17","JGE",2,41,1,20,NA,20,NA,NA,NA,7,NA,7,NA,NA,NA,7,3,1.512,2,2.976,3,1.561,2,3,1,NA,7,1,7,1,1,1,7,3,NA,NA,NA,NA,NA,NA,NA,NA,NA,1,1,3,2,2,2,2,4,4,1,3,40,7,1.5,1,3,3,1.5,2,2,7,NA,41,1,20,0,20,0,0,0,0,1,40,0,"Amhara",4,4,5,5,8,1,1,0,0,1,1,0,1,1,0,1,1,1,1,1,NA,NA,1,0,1,1,NA,0,1,1,1,0,0,0,0,0,0,0,1,NA,NA,NA,NA,NA,NA,NA,NA,NA,NA,NA,NA,NA,NA,NA,NA,NA,NA
"26",40,"MS22","Teda","Cc02",NA,"JGE",1,6,6,2,2,NA,NA,2,2,4,4,NA,NA,4,4,5,5,1.667,2,1,1,3.333,3,3,3,7,4,4,1,1,4,4,5,5,6,5,1.667,2,1,1,3.333,3,3,5,NA,NA,NA,NA,NA,NA,NA,NA,NA,1,NA,NA,NA,NA,NA,NA,NA,NA,NA,1,NA,6,6,2,2,0,0,2,2,6,0,0,0,"Teda",2,2,6,4,2,1,1,0,1,NA,NA,1,NA,1,0,1,0,1,1,1,NA,NA,NA,NA,0,1,NA,NA,NA,1,1,0,0,0,NA,NA,NA,NA,NA,NA,NA,NA,NA,NA,NA,NA,NA,NA,NA,NA,NA,NA,NA,NA,NA,NA,NA
"27",42,"MX03","Berbers of Morocco","Cd03",NA,"JGE",3,1,1,NA,NA,NA,NA,NA,NA,NA,NA,NA,NA,NA,NA,3,3,2,2,2,2,3,3,1,1,0,NA,NA,NA,NA,NA,NA,3,3,NA,NA,NA,NA,NA,NA,NA,NA,NA,NA,1,3,2,2,2,2,3,3,1,3,NA,NA,NA,NA,NA,NA,NA,NA,NA,NA,NA,1,1,NA,NA,NA,NA,NA,NA,NA,1,NA,NA,"Riffians",2,2,5,2,7,1,1,0,1,1,1,1,2,1,0,1,0,1,1,1,1,NA,NA,NA,NA,NA,NA,NA,NA,1,1,NA,NA,0,1,0,1,0,1,NA,NA,NA,NA,NA,NA,NA,NA,NA,NA,NA,NA,NA,NA,NA,NA,NA,NA
"28",43,"MR13","Fellahin","Cd02",NA,"JGE",3,24,4,NA,NA,21,1,3,3,NA,NA,7,3,4,4,7,5,2,2,2.75,3,2.208,2,3,3,0,NA,NA,7,3,4,4,7,5,3,4,2,2,1.667,2,3.333,3,2,4,1,3,2,2,1,1,3,3,1,3,20,7,2,2,3,3,2,2,1,7,2,24,4,NA,NA,21,1,3,3,3,1,20,2,"Egyptians",4,NA,6,5,8,1,1,NA,1,NA,NA,NA,NA,1,0,1,1,1,1,1,NA,NA,0,0,0,1,NA,0,0,0,1,NA,NA,0,NA,NA,NA,NA,NA,NA,NA,NA,NA,NA,NA,NA,NA,NA,NA,NA,NA,NA,NA,NA,NA,NA,NA
"29",46,"MD04","Rwala Bedouin","Cj02",NA,"JGE",1,3,2,1,1,NA,NA,1,1,3,3,NA,NA,3,3,4,4,1.667,2,1,1,3.167,2.5,3,2,0,3,3,1,1,3,3,4,4,2,4,1.5,2,1,1,3.5,3,2,4,NA,NA,NA,NA,NA,NA,NA,NA,NA,1,1,3,2,2,1,1,2.5,2.5,1,3,NA,3,2,1,1,0,0,1,1,2,0,1,0,"Rwala Bedouin",2,2,1,2,2,1,1,NA,1,NA,NA,NA,NA,1,NA,NA,NA,NA,NA,1,1,NA,NA,NA,NA,NA,NA,NA,NA,NA,NA,NA,NA,0,0,NA,NA,NA,NA,NA,NA,NA,NA,NA,NA,NA,NA,NA,NA,NA,NA,NA,NA,NA,NA,NA,NA
"30",47,"MB01","Turks","Ci05",NA,"JGE",1,4,4,1,1,NA,NA,NA,NA,3,3,NA,NA,NA,NA,5,5,1.5,1,1,1,3.25,3,3,3,0,3,3,1,1,1,1,5,5,2,4,1,1,1,1,3.5,3,2,4,2,4,2,2,1,1,3,3,1,4,NA,NA,NA,NA,NA,NA,NA,NA,NA,1,NA,4,4,1,1,0,0,0,0,2,2,0,0,"Turks",4,4,5,5,8,1,NA,0,NA,NA,NA,NA,NA,1,0,NA,1,NA,1,1,NA,NA,NA,0,1,1,NA,NA,0,1,NA,0,0,NA,NA,NA,NA,NA,NA,NA,NA,NA,NA,NA,NA,NA,NA,NA,NA,NA,NA,NA,NA,NA,NA,NA,NA
"31",51,"ER06","Rural Irish","Cg03",NA,"JGE",3,22,1,NA,NA,NA,NA,1,1,NA,NA,NA,NA,3,3,7,3,1.952,2,2.909,3,2.068,2,3,1,114,NA,NA,NA,NA,3,3,7,3,1,3,NA,NA,1,1,3,3,1,3,NA,NA,NA,NA,NA,NA,NA,NA,NA,NA,21,7,1.952,2,3,3,2.024,2,2,7,NA,22,1,NA,NA,NA,NA,1,1,1,NA,21,NA,"Irish",3,3,5,5,8,1,1,0,1,1,1,1,2,1,0,1,1,1,1,1,1,NA,NA,1,0,1,NA,1,1,0,1,0,0,0,1,0,1,0,0,NA,NA,NA,NA,NA,NA,NA,NA,NA,NA,NA,NA,NA,NA,NA,NA,NA,NA
"32",52,"EP04","Saami","Cg04","20","JGE",3,31,2,NA,NA,1,1,2,NA,NA,NA,3,3,4,NA,7,4,1.968,2,2.484,3,2.468,2.5,7,2,0,NA,NA,3,3,4,NA,7,4,1,3,1,1,2,2,3.5,3.5,1,3,1,3,2,2,2,2,3,3,1,3,29,7,2,2,2.517,3,2.414,2.5,6,7,NA,31,2,NA,NA,1,1,2,NA,1,1,29,NA,"Lapps",1,1,1,2,1,1,1,1,0,1,0,1,2,1,1,1,0,2,1,1,NA,0,1,NA,1,1,NA,NA,NA,1,1,0,0,NA,NA,0,0,NA,NA,NA,NA,NA,NA,NA,NA,NA,NA,NA,NA,NA,NA,NA,NA,NA,NA,NA,NA
"33",53,"RU41","Nenets","Ec04",NA,"JGE",1,45,5,NA,NA,NA,NA,25,5,NA,NA,NA,NA,7,5,7,5,2,2,2.422,2,2.356,2.5,3,2,10,1,1,1,1,7,5,7,5,1,3,NA,NA,1,1,4,4,1,3,4,5,2,2,2,2,3,3,1,5,40,7,2,2,2.5,3,2.25,2.5,2,7,NA,45,5,0,0,0,0,25,5,1,4,40,0,"Yurak Samoyed",1,1,1,2,1,1,1,NA,NA,1,NA,NA,NA,1,NA,NA,0,NA,1,1,NA,NA,NA,NA,NA,NA,NA,NA,NA,NA,1,NA,NA,NA,NA,0,1,NA,NA,NA,NA,NA,NA,NA,NA,NA,NA,NA,NA,NA,NA,NA,NA,NA,NA,NA,NA
"34",54,"RF10","Russians","Ch11",NA,"JGE",2,24,1,NA,NA,20,NA,NA,NA,NA,NA,7,NA,NA,NA,7,3,2,2,2.708,3,2.083,2,3,1,0,1,1,7,1,1,1,7,3,NA,NA,NA,NA,NA,NA,NA,NA,NA,1,1,3,2,2,1,1,3,3,1,3,23,7,2,2,2.783,3,2.043,2,3,7,NA,24,1,0,0,20,0,0,0,0,1,23,0,"Russians",5,5,6,5,8,1,1,1,0,1,0,1,2,1,0,NA,0,NA,1,NA,NA,NA,NA,NA,0,NA,NA,NA,NA,0,NA,0,1,NA,NA,0,1,NA,NA,NA,NA,NA,NA,NA,NA,NA,NA,NA,NA,NA,NA,NA,NA,NA,NA,NA,NA
"35",55,"RI03","Abkhazians","Ci12",NA,"JGE",4,1,1,1,1,NA,NA,NA,NA,3,3,NA,NA,NA,NA,3,3,1,1,1,1,3,3,1,1,NA,3,3,NA,NA,NA,NA,3,3,1,3,1,1,1,1,3,3,1,3,NA,NA,NA,NA,NA,NA,NA,NA,NA,NA,NA,NA,NA,NA,NA,NA,NA,NA,NA,NA,NA,1,1,1,1,NA,NA,NA,NA,1,NA,NA,NA,"Abkhaz",2,2,5,5,4,1,1,0,1,1,0,1,2,1,NA,NA,1,NA,1,1,1,NA,NA,NA,0,1,NA,NA,NA,1,1,NA,NA,0,1,1,1,NA,NA,NA,NA,NA,NA,NA,NA,NA,NA,NA,NA,NA,NA,NA,NA,NA,NA,NA,NA
"36",58,"MA10","Basseri","Ea06",NA,"JGE",2,24,3,1,NA,20,NA,2,2,3,NA,7,NA,4,4,7,4,1.955,2,2.667,3,1.292,1,5,3,NA,3,1,7,1,4,4,7,4,3,4,2,2,1,1,3,3,3,4,NA,NA,NA,NA,NA,NA,NA,NA,NA,1,21,7,1.952,2,2.905,3,1.048,1,2,7,NA,24,3,1,0,20,0,2,2,3,0,21,0,"Basseri",2,2,2,2,5,1,1,1,1,0,0,2,2,1,0,0,1,0,1,NA,0,NA,NA,1,1,NA,NA,NA,1,1,NA,0,0,0,NA,NA,NA,NA,NA,NA,NA,NA,NA,NA,NA,NA,NA,NA,NA,NA,NA,NA,NA,NA,NA,NA,NA
"37",59,"AT03","West Punjabi","Ea13",NA,NA,1,6,6,NA,NA,6,6,NA,NA,NA,NA,5,5,NA,NA,5,5,1,1,2,2,3.167,3,1,1,0,1,1,5,5,1,1,5,5,5,5,1,1,2,2,3,3,1,5,1,3,1,1,2,2,4,4,1,3,NA,NA,NA,NA,NA,NA,NA,NA,NA,1,NA,6,6,0,0,6,6,0,0,5,1,0,0,"Punjabi (West)",5,5,5,4,4,1,1,0,1,1,1,1,2,1,0,1,1,1,1,1,NA,NA,0,0,0,1,NA,1,1,1,1,NA,NA,1,1,1,1,1,1,NA,NA,NA,NA,NA,NA,NA,NA,NA,NA,NA,NA,NA,NA,NA,NA,NA,NA
"38",60,"AW32","Gond","Eg13",NA,"JGE",3,21,1,1,1,NA,NA,20,NA,3,3,NA,NA,7,NA,7,3,1.952,2,2.905,3,2.095,2,2,1,2,3,3,NA,NA,7,NA,7,3,1,3,1,1,1,1,4,4,1,3,NA,NA,NA,NA,NA,NA,NA,NA,NA,NA,20,7,2,2,3,3,2,2,1,7,NA,21,1,1,1,NA,NA,20,NA,1,NA,20,NA,"Gond",NA,NA,3,1,NA,1,1,1,0,0,1,1,1,1,0,1,0,1,1,1,NA,NA,0,NA,1,1,NA,1,NA,1,1,0,NA,NA,NA,NA,NA,0,1,NA,NA,NA,NA,NA,NA,NA,NA,NA,NA,NA,NA,NA,NA,NA,NA,NA,NA
"39",62,"AW42","Santal","Ef01","28","MINERVA",2,4,4,4,4,NA,NA,NA,NA,5,5,NA,NA,NA,NA,5,5,1,1,1,1,4,4,1,1,NA,5,5,1,1,1,1,5,5,4,5,1,1,1,1,4,4,1,5,NA,NA,NA,NA,NA,NA,NA,NA,NA,1,NA,NA,NA,NA,NA,NA,NA,NA,NA,1,NA,4,4,4,4,0,0,0,0,4,0,0,0,"Santal",2,2,6,1,3,1,1,NA,NA,NA,1,NA,NA,1,0,0,1,0,1,NA,NA,NA,NA,0,1,NA,NA,NA,1,1,NA,NA,NA,NA,NA,NA,NA,0,1,NA,NA,NA,NA,NA,NA,NA,NA,NA,NA,NA,NA,NA,NA,NA,NA,NA,NA
"40",63,"AW19","Uttar Pradesh","Ef11",NA,"MINERVA",3,4,4,4,4,NA,NA,NA,NA,5,5,NA,NA,NA,NA,5,5,1,1,1,1,4,4,1,1,NA,5,5,NA,NA,NA,NA,5,5,4,5,1,1,1,1,4,4,1,5,NA,NA,NA,NA,NA,NA,NA,NA,NA,NA,NA,NA,NA,NA,NA,NA,NA,NA,NA,NA,NA,4,4,4,4,NA,NA,NA,NA,4,NA,NA,NA,"Uttar Pradesh",5,5,6,4,8,1,0,0,NA,NA,NA,NA,NA,NA,NA,NA,NA,NA,NA,NA,NA,NA,NA,NA,NA,NA,NA,NA,NA,NA,NA,0,0,NA,NA,NA,NA,NA,NA,NA,NA,NA,NA,NA,NA,NA,NA,NA,NA,NA,NA,NA,NA,NA,NA,NA,NA
"41",64,"AV07","Burusho","Ee02",NA,"JGE",2,22,20,NA,NA,NA,NA,NA,NA,NA,NA,NA,NA,NA,NA,7,7,1.091,1,2.818,3,2.952,3,3,1,0,1,1,1,1,1,1,7,7,20,7,1,1,3,3,3,3,1,7,NA,NA,NA,NA,NA,NA,NA,NA,NA,1,1,3,2,2,1,1,2,2,1,3,NA,22,20,0,0,0,0,0,0,20,0,1,0,"Burusho",2,2,6,5,4,1,1,1,0,1,1,1,2,1,NA,NA,NA,NA,NA,1,1,NA,NA,NA,NA,NA,NA,NA,NA,NA,NA,0,1,NA,NA,1,0,0,1,NA,NA,NA,NA,NA,NA,NA,NA,NA,NA,NA,NA,NA,NA,NA,NA,NA,NA
"42",65,"RQ02","Kazakh","Eb01",NA,"JGE",3,3,3,1,1,NA,NA,NA,NA,3,3,NA,NA,NA,NA,4,4,1.333,1,1.667,2,3.333,3,3,3,0,3,3,NA,NA,NA,NA,4,4,3,4,1.333,1,1.667,2,3.333,3,3,4,NA,NA,NA,NA,NA,NA,NA,NA,NA,NA,NA,NA,NA,NA,NA,NA,NA,NA,NA,NA,NA,3,3,1,1,NA,NA,NA,NA,3,NA,NA,NA,"Kazak",4,4,2,4,2,1,1,0,1,1,1,1,2,1,NA,NA,0,NA,1,1,NA,NA,NA,NA,0,1,NA,NA,NA,1,1,0,0,0,0,0,NA,0,NA,NA,NA,NA,NA,NA,NA,NA,NA,NA,NA,NA,NA,NA,NA,NA,NA,NA,NA
"43",66,"AH01","Mongolia","Eb03",NA,"JGE",3,25,1,NA,NA,NA,NA,21,1,NA,NA,NA,NA,7,3,7,3,2,2,2.76,3,1.88,2,2,1,0,NA,NA,NA,NA,7,3,7,3,1,3,NA,NA,1,1,3,3,1,3,NA,NA,NA,NA,NA,NA,NA,NA,NA,NA,24,7,2,2,2.833,3,1.833,2,2,7,NA,25,1,NA,NA,NA,NA,21,1,1,NA,24,NA,"Khalka Mongols",4,4,2,4,1,1,1,1,1,1,0,2,3,1,0,1,NA,1,NA,1,NA,NA,1,NA,NA,1,NA,1,NA,NA,1,0,NA,1,1,1,1,NA,NA,NA,NA,NA,NA,NA,NA,NA,NA,NA,NA,NA,NA,NA,NA,NA,NA,NA,NA
"44",69,"AR05","Garo","Ei01","27","MINERVA",3,4,NA,NA,NA,NA,NA,NA,NA,NA,NA,NA,NA,NA,NA,5,NA,2,2,1,1,2,2,1,NA,NA,NA,NA,NA,NA,NA,NA,5,NA,NA,NA,NA,NA,NA,NA,NA,NA,NA,NA,NA,NA,NA,NA,NA,NA,NA,NA,NA,NA,4,5,2,2,1,1,2,2,1,5,NA,4,NA,NA,NA,NA,NA,NA,NA,NA,NA,4,NA,"Garo",2,2,3,2,4,NA,1,0,1,1,1,1,2,NA,0,1,1,1,NA,NA,NA,NA,0,1,1,NA,NA,1,1,0,NA,NA,NA,0,1,0,1,0,1,1,1,NA,NA,0,0,0,NA,NA,0,0,0,NA,0,NA,0,NA,1
"45",70,"AR20","Mara","Ei04",NA,"JGE",2,21,1,NA,NA,NA,NA,1,1,NA,NA,NA,NA,3,3,7,3,2,2,2.952,3,1.143,1,2,1,NA,1,1,1,1,3,3,7,3,1,3,2,2,2,2,4,4,1,3,NA,NA,NA,NA,NA,NA,NA,NA,NA,1,20,7,2,2,3,3,1,1,1,7,NA,21,1,0,0,0,0,1,1,1,0,20,0,"Lakher",2,2,3,4,NA,1,1,NA,1,NA,NA,NA,NA,1,0,1,0,1,1,0,NA,NA,0,NA,NA,NA,NA,NA,NA,NA,NA,NA,NA,0,NA,NA,NA,NA,NA,NA,NA,NA,NA,NA,NA,NA,NA,NA,NA,NA,NA,NA,NA,NA,NA,NA,NA
"46",72,"AM28","Rmeet","Ej01",NA,NA,2,20,NA,20,NA,NA,NA,NA,NA,7,NA,NA,NA,NA,NA,7,NA,1,1,3,3,2,2,1,NA,NA,7,1,1,1,1,1,7,1,NA,NA,NA,NA,NA,NA,NA,NA,NA,1,NA,NA,NA,NA,NA,NA,NA,NA,NA,1,20,7,1,1,3,3,2,2,1,7,NA,20,0,20,0,0,0,0,0,0,0,20,0,"Lamet",1,1,3,2,3,1,NA,NA,NA,NA,NA,NA,NA,1,0,1,0,1,1,NA,NA,NA,0,NA,0,NA,NA,1,NA,1,NA,NA,NA,NA,NA,NA,NA,NA,NA,NA,NA,NA,NA,NA,NA,NA,NA,NA,NA,NA,NA,NA,NA,NA,NA,NA,NA
"47",73,"AM11","Vietnamese","Ej04",NA,"JGE",1,44,28,8,4,5,3,4,4,5,5,5,4,5,5,7,7,1.6,2,2,2,3.095,4,7,6,35,5,5,5,4,5,5,7,7,27,7,1.565,2,1.913,2,3.574,4,5,7,1,3,1,1,1,1,4,4,1,3,14,6,1.643,2,2.357,2,2.107,2,3,6,NA,44,28,8,4,5,3,4,4,27,1,14,0,"Vietnamese",5,5,6,5,8,1,1,0,1,0,0,1,1,1,0,NA,1,NA,1,1,NA,NA,NA,NA,0,0,NA,NA,NA,1,NA,0,0,0,1,0,0,NA,NA,NA,NA,NA,NA,NA,NA,NA,NA,NA,NA,NA,NA,NA,NA,NA,NA,NA,NA
"48",76,"AO07","Central Thai","Ej09","30","JGE",1,20,6,15,1,1,1,4,4,6,3,3,3,5,5,7,5,1,1,1.8,2,2.575,2.5,3,3,0,6,3,3,3,5,5,7,5,2,4,1,1,2,2,3.25,3.5,2,4,4,5,NA,NA,1,1,3,3,1,5,14,6,1,1,2,2,2.357,2.5,1,6,NA,20,6,15,1,1,1,4,4,2,4,14,0,"Siamese",5,5,6,2,6,1,1,0,1,1,1,1,2,1,0,1,1,1,1,NA,NA,NA,0,0,0,NA,NA,1,1,1,NA,0,0,0,1,0,1,0,NA,NA,NA,NA,NA,NA,NA,NA,NA,NA,NA,NA,NA,NA,NA,NA,NA,NA,NA
"49",79,"AZ02","Andamans","Eh01","31","MINERVA",1,2,2,NA,NA,NA,NA,NA,NA,NA,NA,NA,NA,NA,NA,4,4,NA,NA,2,2,4,4,1,1,0,1,1,1,1,1,1,4,4,2,4,NA,NA,2,2,4,4,1,4,NA,NA,NA,NA,NA,NA,NA,NA,NA,1,NA,NA,NA,NA,NA,NA,NA,NA,NA,1,NA,2,2,0,0,0,0,0,0,2,0,0,0,"Andamanese",1,1,1,1,1,NA,1,1,0,1,1,1,2,NA,1,1,1,2,NA,NA,NA,0,0,1,NA,1,1,NA,NA,NA,1,0,NA,NA,NA,1,0,0,NA,1,0.5,1,1,NA,0,1,NA,0,NA,0,1,NA,NA,NA,NA,NA,NA
"50",83,"OE05","Javanese","Ib02",NA,"JGE",2,5,3,NA,NA,2,2,NA,NA,NA,NA,4,4,NA,NA,5,4,2,2,1.667,2,3.333,3,3,2,0,1,1,4,4,1,1,5,4,NA,NA,NA,NA,NA,NA,NA,NA,NA,1,NA,NA,NA,NA,NA,NA,NA,NA,NA,1,NA,NA,NA,NA,NA,NA,NA,NA,NA,1,NA,5,3,0,0,2,2,0,0,0,0,0,0,"Javanese",5,5,6,5,7,1,1,0,1,1,1,1,2,1,0,0,1,0,1,NA,NA,NA,NA,1,0,NA,NA,NA,1,1,NA,0,0,0,1,1,1,0,1,NA,NA,NA,NA,NA,NA,NA,NA,NA,NA,NA,NA,NA,NA,NA,NA,NA,NA
"51",85,"OC06","Iban","Ib01","33","JGE",1,4,2,NA,NA,NA,NA,NA,NA,NA,NA,NA,NA,NA,NA,5,4,1.5,1,1.5,1,2.75,2,2,1,0,1,1,1,1,1,1,5,4,1,3,1,1,1,1,3,3,1,3,NA,NA,NA,NA,NA,NA,NA,NA,NA,1,2,4,2,2,2,2,2,2,1,4,NA,4,2,0,0,0,0,0,0,1,0,2,0,"Iban",1,1,3,1,2,1,1,0,0,1,1,0,1,1,0,1,1,1,1,NA,NA,NA,0,NA,NA,NA,NA,NA,NA,NA,NA,0,0,NA,NA,1,0,0,0,NA,NA,NA,NA,NA,NA,NA,NA,NA,NA,NA,NA,NA,NA,NA,NA,NA,NA
"52",86,"OA08","Sama-Bajau","Ia13",NA,NA,3,4,NA,4,NA,NA,NA,NA,NA,5,NA,NA,NA,NA,NA,5,NA,1,1,1,1,NA,NA,1,NA,NA,5,NA,NA,NA,NA,NA,5,NA,NA,NA,NA,NA,NA,NA,NA,NA,NA,NA,NA,NA,NA,NA,NA,NA,NA,NA,NA,NA,NA,NA,NA,NA,NA,NA,NA,NA,NA,NA,NA,4,NA,4,NA,NA,NA,NA,NA,NA,NA,NA,NA,"Badjau",1,1,4,2,4,1,1,0,1,0,1,1,1,1,0,0,1,0,1,NA,NA,NA,NA,0,1,NA,NA,NA,0,1,NA,0,0,0,0,NA,NA,0,1,NA,NA,NA,NA,NA,NA,NA,NA,NA,NA,NA,NA,NA,NA,NA,NA,NA,NA
"53",87,"OG11","Eastern Toraja","Ic05","34","MINERVA",1,26,6,4,4,NA,NA,NA,NA,5,5,NA,NA,NA,NA,7,5,1.846,2,2.538,3,2.269,2,3,2,1,5,5,1,1,1,1,7,5,4,5,1,1,1,1,3.25,3,1,5,2,4,2,2,1,1,3,3,1,4,20,7,2,2,3,3,2,2,1,7,2,26,6,4,4,0,0,0,0,4,2,20,2,"Toradja",2,2,3,2,3,NA,1,1,1,1,1,2,3,NA,0,1,1,1,NA,NA,NA,NA,1,1,1,1,NA,1,1,1,1,0,NA,0,NA,0,1,0,NA,1,1,1,0,0,0,0,0,0,0,1,0,0,NA,0,NA,NA,NA
"54",90,"OI20","Tiwi","Id03",NA,"JGE",4,NA,NA,NA,NA,NA,NA,NA,NA,NA,NA,NA,NA,NA,NA,1,NA,NA,NA,NA,NA,NA,NA,NA,NA,NA,NA,NA,NA,NA,NA,NA,1,NA,NA,NA,NA,NA,NA,NA,NA,NA,NA,NA,NA,NA,NA,NA,NA,NA,NA,NA,NA,NA,NA,NA,NA,NA,NA,NA,NA,NA,NA,NA,NA,NA,NA,NA,NA,NA,NA,NA,NA,NA,NA,NA,NA,"Tiwi",1,1,1,1,3,1,1,0,1,0,1,1,1,1,0,1,0,1,1,1,NA,NA,1,NA,1,1,NA,0,NA,NA,0,0,0,0,NA,NA,NA,NA,NA,NA,NA,NA,NA,NA,NA,NA,NA,NA,NA,NA,NA,NA,NA,NA,NA,NA,NA
"55",91,"OI08","Aranda","Id01","35","JGE",2,3,2,2,2,1,NA,NA,NA,4,4,3,NA,NA,NA,4,4,1.333,1,1,1,2.333,3,2,1,NA,4,4,3,1,1,1,4,4,2,4,1,1,1,1,3,3,1,4,NA,NA,NA,NA,NA,NA,NA,NA,NA,1,1,3,2,2,1,1,1,1,1,3,NA,3,2,2,2,1,0,0,0,2,0,1,0,"Aranda",1,1,1,1,1,1,1,NA,1,NA,NA,NA,NA,1,NA,NA,1,NA,1,NA,NA,NA,NA,0,0,NA,NA,NA,NA,NA,NA,NA,NA,1,NA,NA,NA,NA,NA,NA,NA,NA,NA,NA,NA,NA,NA,NA,NA,NA,NA,NA,NA,NA,NA,NA,NA
"56",92,"OJ23","Orokaiva","Ie09",NA,"JGE",2,44,NA,20,NA,20,NA,NA,NA,7,NA,7,NA,NA,NA,7,NA,1.455,1,2.455,2,2.136,2.5,3,NA,NA,7,1,7,1,1,1,7,1,NA,NA,NA,NA,NA,NA,NA,NA,NA,1,NA,NA,NA,NA,NA,NA,NA,NA,NA,1,44,7,1.455,1,2.455,2,2.136,2.5,3,7,NA,44,0,20,0,20,0,0,0,0,0,44,0,"Orokaiva",1,1,4,1,2,1,1,0,1,1,1,1,2,1,1,0,0,1,1,1,NA,0,NA,NA,1,1,NA,NA,NA,NA,1,0,0,0,1,0,1,1,1,NA,NA,NA,NA,NA,NA,NA,NA,NA,NA,NA,NA,NA,NA,NA,NA,NA,NA
"57",93,"OJ82","Kimam","Ie18",NA,"JGE",1,47,7,NA,NA,NA,NA,20,NA,NA,NA,NA,NA,7,NA,7,5,2,2,2.787,3,1.872,2,4,2,0,1,1,1,1,7,1,7,5,7,5,2,2,1.571,2,4,4,2,5,NA,NA,NA,NA,NA,NA,NA,NA,NA,1,40,7,2,2,3,3,1.5,2,2,7,2,47,7,0,0,0,0,20,0,7,0,40,2,"Kimam",1,1,5,1,4,1,1,1,0,1,0,1,2,1,0,1,0,1,1,NA,NA,NA,1,NA,NA,NA,NA,NA,NA,NA,NA,0,0,NA,NA,0,1,NA,NA,NA,NA,NA,NA,NA,NA,NA,NA,NA,NA,NA,NA,NA,NA,NA,NA,NA,NA
"58",94,"OJ29","Kapauku","Ie01","36","JGE",1,20,NA,NA,NA,20,NA,NA,NA,NA,NA,7,NA,NA,NA,7,NA,2,2,3,3,2,2,1,NA,NA,1,1,7,1,1,1,7,1,NA,NA,NA,NA,NA,NA,NA,NA,NA,1,NA,NA,NA,NA,NA,NA,NA,NA,NA,1,20,7,2,2,3,3,2,2,1,7,2,20,0,0,0,20,0,0,0,0,0,20,2,"Kapauku",2,2,3,2,2,1,1,0,1,0,1,1,1,1,NA,NA,NA,NA,1,1,NA,NA,NA,NA,1,1,NA,NA,NA,1,1,0,0,0,0,NA,NA,0,0,NA,NA,NA,NA,NA,NA,NA,NA,NA,NA,NA,NA,NA,NA,NA,NA,NA,NA
"59",96,"OM06","Manus","Ig09",NA,"JGE",3,3,NA,NA,NA,NA,NA,NA,NA,NA,NA,NA,NA,NA,NA,4,NA,2,2,1.667,2,1.667,2,1,NA,0,NA,NA,NA,NA,NA,NA,4,NA,NA,NA,NA,NA,NA,NA,NA,NA,NA,NA,NA,NA,NA,NA,NA,NA,NA,NA,NA,NA,3,4,2,2,1.667,2,1.667,2,1,4,NA,3,NA,NA,NA,NA,NA,NA,NA,NA,NA,3,NA,"Manus",1,1,2,2,3,1,1,0,1,0,1,1,1,1,0,NA,0,NA,1,1,NA,NA,NA,NA,NA,NA,NA,NA,NA,0,NA,0,0,NA,0,NA,NA,1,1,NA,NA,NA,NA,NA,NA,NA,NA,NA,NA,NA,NA,NA,NA,NA,NA,NA,NA
"60",98,"OL06","Trobriands","Ig02","38","JGE",2,23,3,2,2,NA,NA,NA,NA,4,4,NA,NA,NA,NA,7,4,1.913,2,2.783,3,2.13,2,2,2,0,4,4,1,1,1,1,7,4,2,4,1,1,1,1,3,3,1,4,1,3,2,2,2,2,3,3,1,3,20,7,2,2,3,3,2,2,1,7,NA,23,3,2,2,0,0,0,0,2,1,20,0,"Trobrianders",2,2,4,4,3,1,1,0,1,1,0,1,2,1,0,1,1,1,1,NA,NA,NA,1,NA,1,NA,NA,1,NA,0,NA,NA,NA,0,1,0,NA,NA,NA,NA,NA,NA,NA,NA,NA,NA,NA,NA,NA,NA,NA,NA,NA,NA,NA,NA,NA
"61",99,"ON19","Siwai","Ig01",NA,"JGE",2,52,NA,NA,NA,4,NA,4,NA,2,2,5,NA,5,NA,7,2,2,2,2.846,3,1.923,2,5,NA,NA,2,2,5,1,5,1,7,2,NA,2,NA,NA,NA,NA,NA,NA,NA,2,NA,NA,NA,NA,NA,NA,NA,NA,NA,1,52,7,2,2,2.846,3,1.923,2,5,7,3,52,0,0,0,4,0,4,0,0,0,52,3,"Siuai",1,1,4,2,2,1,1,1,0,1,1,1,2,1,0,1,0,1,1,1,NA,NA,NA,NA,NA,0,NA,NA,NA,1,1,0,1,NA,NA,0,0,0,0,NA,NA,NA,NA,NA,NA,NA,NA,NA,NA,NA,NA,NA,NA,NA,NA,NA,NA
"62",100,"OT11","Tikopia","Ii02","40","JGE",1,7,7,1,1,NA,NA,1,1,3,3,NA,NA,3,3,5,5,1.857,2,1.429,1,3.857,4,4,4,0,3,3,1,1,3,3,5,5,7,5,1.857,2,1.429,1,3.857,4,4,5,NA,NA,NA,NA,NA,NA,NA,NA,NA,1,NA,NA,NA,NA,NA,NA,NA,NA,NA,1,NA,7,7,1,1,0,0,1,1,7,0,0,0,"Tikopia",2,2,4,4,5,1,1,1,1,0,0,2,2,1,1,1,1,2,1,1,NA,0,1,NA,1,NA,NA,1,NA,0,0,0,0,0,0,NA,NA,NA,NA,NA,NA,NA,NA,NA,NA,NA,NA,NA,NA,NA,NA,NA,NA,NA,NA,NA,NA
"63",102,"OQ12","Bau Fijians","Ih14",NA,NA,1,2,2,1,1,NA,NA,NA,NA,3,3,NA,NA,NA,NA,4,4,1.5,2,1,1,3.5,4,2,2,0,3,3,1,1,1,1,4,4,1,3,1,1,NA,NA,3,3,1,3,NA,NA,NA,NA,NA,NA,NA,NA,NA,1,NA,NA,NA,NA,NA,NA,NA,NA,NA,1,NA,2,2,1,1,0,0,0,0,1,0,0,0,"Mbau Fijians",3,3,4,2,6,1,1,0,1,0,1,1,1,1,NA,NA,0,NA,1,NA,NA,NA,NA,NA,0,NA,NA,NA,NA,1,NA,NA,NA,0,NA,NA,NA,NA,1,NA,NA,NA,NA,NA,NA,NA,NA,NA,NA,NA,NA,NA,NA,NA,NA,NA,NA
"64",106,"OU08","Samoans","Ii14",NA,"JGE",3,46,2,2,NA,NA,NA,2,NA,4,NA,NA,NA,4,NA,7,4,1.957,2,1.913,2,1.609,2,5,1,NA,4,NA,NA,NA,4,NA,7,4,2,4,2,2,2,2,3,3,1,4,NA,NA,NA,NA,NA,NA,NA,NA,NA,NA,44,7,1.955,2,1.909,2,1.545,2,4,7,NA,46,2,2,NA,NA,NA,2,NA,2,NA,44,NA,"Western Samoans",3,3,4,4,4,1,1,0,1,0,1,1,1,1,NA,NA,0,NA,1,1,NA,NA,NA,NA,NA,1,NA,NA,NA,1,1,NA,NA,0,1,NA,NA,0,1,NA,NA,NA,NA,NA,NA,NA,NA,NA,NA,NA,NA,NA,NA,NA,NA,NA,NA
"65",108,"OR11","Marshallese","If17",NA,"JGE",1,2,1,NA,NA,NA,NA,NA,NA,NA,NA,NA,NA,NA,NA,4,3,2,2,1,1,3.25,4,2,1,NA,1,1,1,1,1,1,4,3,1,3,2,2,1,1,4,4,1,3,NA,NA,NA,NA,NA,NA,NA,NA,NA,1,1,3,2,2,1,1,2.5,2.5,1,3,NA,2,1,0,0,0,0,0,0,1,0,1,0,"Marshallese",2,2,4,4,3,1,1,0,1,1,1,1,2,1,1,0,NA,1,0,1,NA,0,NA,NA,NA,1,1,NA,NA,NA,1,NA,NA,1,1,0,NA,0,NA,NA,NA,NA,NA,NA,NA,NA,NA,NA,NA,NA,NA,NA,NA,NA,NA,NA,NA
"66",109,"OR19","Chuuk","If02","37","JGE",1,7,4,NA,NA,NA,NA,NA,NA,NA,NA,NA,NA,NA,NA,5,5,2,2,1.429,1,2.643,3,3,2,0,1,1,1,1,1,1,5,5,4,5,2,2,1.5,2,3.125,3,2,5,NA,NA,NA,NA,NA,NA,NA,NA,NA,1,3,4,2,2,1.333,1,2,2,2,4,NA,7,4,0,0,0,0,0,0,4,0,3,0,"Trukese",1,1,4,1,3,1,1,1,1,0,0,2,2,1,1,1,1,2,1,1,1,0,1,NA,NA,1,0,0,1,1,1,0,0,0,1,NA,NA,NA,NA,NA,NA,NA,NA,NA,NA,NA,NA,NA,NA,NA,NA,NA,NA,NA,NA,NA,NA
"67",110,"OR22","Yapese","If06",NA,"JGE",2,24,4,2,2,NA,NA,NA,NA,4,4,NA,NA,NA,NA,7,5,1.917,2,1,1,1.417,1,3,2,0,4,4,1,1,1,1,7,5,4,5,1.5,1,1,1,3.5,3,2,5,NA,NA,NA,NA,NA,NA,NA,NA,NA,1,20,7,2,2,1,1,1,1,1,7,NA,24,4,2,2,0,0,0,0,4,0,20,0,"Yapese",2,2,4,4,2,1,1,0,1,0,1,1,1,1,NA,NA,1,NA,1,1,NA,NA,NA,1,NA,NA,NA,NA,NA,NA,NA,NA,NA,0,0,NA,NA,1,1,NA,NA,NA,NA,NA,NA,NA,NA,NA,NA,NA,NA,NA,NA,NA,NA,NA,NA
"68",112,"OA19","Ifugao","Ia03","32","JGE",1,24,4,4,4,NA,NA,20,NA,5,5,NA,NA,7,NA,7,5,1,1,2.833,3,2.167,2,2,1,NA,5,5,1,1,7,1,7,5,4,5,1,1,2,2,3,3,1,5,NA,NA,NA,NA,NA,NA,NA,NA,NA,1,20,7,NA,NA,3,3,2,2,1,7,NA,24,4,4,4,0,0,20,0,4,0,20,0,"Ifugao",1,1,6,2,3,1,1,0,1,1,0,1,2,1,0,1,0,1,1,1,1,NA,0,NA,1,NA,NA,1,NA,NA,NA,NA,NA,0,0,0,0,NA,NA,NA,NA,NA,NA,NA,NA,NA,NA,NA,NA,NA,NA,NA,NA,NA,NA,NA,NA
"69",116,"AA01","Korea","Ed01","25","JGE",3,35,9,5,2,6,6,NA,NA,5,4,5,5,NA,NA,7,5,1.857,2,1.971,2,2.338,2,6,3,1,5,4,5,5,NA,NA,7,5,9,5,1.778,2,2.111,2,3.222,3,3,5,NA,NA,NA,NA,NA,NA,NA,NA,NA,NA,25,7,1.92,2,1.917,2,2.02,2,4,7,2,35,9,5,2,6,6,NA,NA,9,NA,25,2,"Koreans",3,3,6,5,8,1,1,0,1,0,1,1,1,1,NA,NA,0,NA,1,1,NA,NA,NA,NA,0,1,NA,NA,NA,1,1,NA,NA,0,1,NA,NA,0,1,NA,NA,NA,NA,NA,NA,NA,NA,NA,NA,NA,NA,NA,NA,NA,NA,NA,NA
"70",117,"AB43","Okayama","Ed05",NA,"JGE",1,47,7,23,3,4,4,NA,NA,7,4,5,5,NA,NA,7,5,1.085,1,2,2,2.213,2,3,2,0,7,4,5,5,1,1,7,5,7,5,1.571,2,2,2,3.429,3,2,5,NA,NA,NA,NA,NA,NA,NA,NA,NA,1,40,7,1,1,2,2,2,2,2,7,4,47,7,23,3,4,4,0,0,7,0,40,4,"Japanese",5,5,6,5,8,1,1,0,0,0,1,0,0,1,0,1,1,1,1,1,NA,NA,0,1,0,NA,NA,NA,1,1,NA,0,0,0,0,0,0,1,1,NA,NA,NA,NA,NA,NA,NA,NA,NA,NA,NA,NA,NA,NA,NA,NA,NA,NA
"71",118,"AB06","Ainu","Ec07",NA,"JGE",1,24,NA,NA,NA,20,NA,NA,NA,NA,NA,7,NA,NA,NA,7,2,2,2,2.75,3,2,2,3,NA,NA,1,1,7,1,1,1,7,2,NA,2,NA,NA,NA,NA,NA,NA,NA,2,NA,NA,NA,NA,NA,NA,NA,NA,NA,1,24,7,2,2,2.75,3,2,2,3,7,3,24,0,0,0,20,0,0,0,0,0,24,3,"Ainu",2,2,3,1,1,1,1,0,1,1,1,1,2,1,0,1,0,1,1,1,NA,NA,1,NA,1,NA,NA,1,NA,1,NA,0,0,0,1,0,0,1,1,NA,NA,NA,NA,NA,NA,NA,NA,NA,NA,NA,NA,NA,NA,NA,NA,NA,NA
"72",119,"RX02","Nivkh","Ec01",NA,"JGE",2,80,NA,NA,NA,NA,NA,NA,NA,NA,NA,NA,NA,NA,NA,7,2,2,2,2.75,3,1,1,4,NA,NA,1,1,1,1,1,1,7,2,NA,2,NA,NA,NA,NA,NA,NA,NA,2,NA,NA,NA,NA,NA,NA,NA,NA,NA,1,80,7,2,2,2.75,3,1,1,4,7,2,80,0,0,0,0,0,0,0,0,0,80,2,"Gilyak",1,1,1,1,2,1,1,0,1,1,1,1,2,1,NA,1,0,NA,1,1,1,NA,0,NA,0,1,NA,1,NA,1,1,NA,NA,0,0,0,0,0,0,NA,NA,NA,NA,NA,NA,NA,NA,NA,NA,NA,NA,NA,NA,NA,NA,NA,NA
"73",121,"RY02","Chukchee","Ec03","24","JGE",2,21,1,NA,NA,NA,NA,NA,NA,NA,NA,NA,NA,NA,NA,7,3,1.952,2,2.952,3,2.095,2,2,1,0,1,1,1,1,1,1,7,3,1,3,1,1,2,2,4,4,1,3,NA,NA,NA,NA,NA,NA,NA,NA,NA,1,20,7,2,2,3,3,2,2,1,7,NA,21,1,0,0,0,0,0,0,1,0,20,0,"Chukchee",1,1,1,2,1,1,1,NA,NA,1,NA,NA,NA,1,0,1,1,1,1,1,NA,NA,1,NA,1,1,NA,1,NA,1,1,NA,NA,NA,NA,0,0,NA,NA,NA,NA,NA,NA,NA,NA,NA,NA,NA,NA,NA,NA,NA,NA,NA,NA,NA,NA
"74",124,"ND08","Copper Inuit","Na03","41","JGE",1,6,6,NA,NA,NA,NA,NA,NA,NA,NA,NA,NA,NA,NA,5,5,1.833,2,1.833,2,4,4,2,2,0,1,1,1,1,1,1,5,5,6,5,1.833,2,1.833,2,4,4,2,5,NA,NA,NA,NA,NA,NA,NA,NA,NA,1,NA,NA,NA,NA,NA,NA,NA,NA,NA,1,NA,6,6,0,0,0,0,0,0,6,0,0,0,"Copper Eskimo",1,1,1,1,1,1,1,1,NA,NA,NA,NA,NA,1,1,1,NA,2,NA,1,NA,0,1,NA,NA,1,0,1,NA,NA,1,0,NA,NA,NA,NA,NA,NA,NA,NA,NA,NA,NA,NA,NA,NA,NA,NA,NA,NA,NA,NA,NA,NA,NA,NA,NA
"75",127,"NG06","Ojibwa","Na33","42",NA,3,3,NA,NA,NA,2,NA,NA,NA,NA,NA,4,NA,NA,NA,4,NA,2,2,2,2,2.333,2.5,2,NA,NA,NA,NA,4,NA,NA,NA,4,NA,NA,NA,NA,NA,NA,NA,NA,NA,NA,NA,NA,NA,NA,NA,NA,NA,NA,NA,NA,NA,3,4,2,2,2,2,2.333,2.5,2,4,NA,3,NA,NA,NA,2,NA,NA,NA,NA,NA,3,NA,"Saulteaux",1,NA,1,1,3,NA,1,0,NA,1,NA,NA,NA,NA,1,1,NA,2,NA,NA,NA,0,0,NA,NA,NA,0,1,NA,NA,NA,NA,NA,NA,NA,0,NA,NA,NA,1,NA,1,NA,NA,1,NA,NA,NA,NA,0,NA,NA,0,NA,0,NA,0
"76",130,"NA07","Eyak","Nb05",NA,"JGE",2,20,NA,NA,NA,NA,NA,NA,NA,NA,NA,NA,NA,NA,NA,7,NA,1,1,2,2,2,2,1,NA,NA,1,1,1,1,1,1,7,1,NA,NA,NA,NA,NA,NA,NA,NA,NA,1,NA,NA,NA,NA,NA,NA,NA,NA,NA,1,20,7,1,1,2,2,2,2,1,7,NA,20,0,0,0,0,0,0,0,0,0,20,0,"Eyak",2,2,1,2,1,1,1,1,1,1,0,2,3,1,1,0,0,1,1,1,NA,0,NA,NA,1,NA,1,NA,NA,1,NA,0,0,0,1,0,1,NA,NA,NA,NA,NA,NA,NA,NA,NA,NA,NA,NA,NA,NA,NA,NA,NA,NA,NA,NA
"77",132,"NE06","Nuxalk","Nb09",NA,"JGE",3,NA,NA,NA,NA,NA,NA,NA,NA,NA,NA,NA,NA,NA,NA,2,NA,NA,NA,NA,NA,NA,NA,NA,NA,NA,NA,NA,NA,NA,NA,NA,2,NA,NA,NA,NA,NA,NA,NA,NA,NA,NA,NA,NA,NA,NA,NA,NA,NA,NA,NA,NA,NA,NA,2,NA,NA,NA,NA,NA,NA,NA,2,2,NA,NA,NA,NA,NA,NA,NA,NA,NA,NA,NA,2,"Bellacoola",1,1,1,4,2,1,1,0,1,1,0,1,2,1,0,1,1,1,1,1,NA,NA,NA,1,NA,NA,NA,NA,NA,NA,NA,NA,NA,0,NA,0,NA,NA,NA,NA,NA,NA,NA,NA,NA,NA,NA,NA,NA,NA,NA,NA,NA,NA,NA,NA,NA
"78",135,"NS18","Pomo","Nc18",NA,"MINERVA",4,NA,NA,NA,NA,NA,NA,NA,NA,NA,NA,NA,NA,NA,NA,2,NA,NA,NA,NA,NA,NA,NA,NA,NA,NA,NA,NA,NA,NA,NA,NA,2,NA,NA,NA,NA,NA,NA,NA,NA,NA,NA,NA,NA,NA,NA,NA,NA,NA,NA,NA,NA,NA,NA,NA,NA,NA,NA,NA,NA,NA,NA,NA,6,NA,NA,NA,NA,NA,NA,NA,NA,NA,NA,NA,6,"Pomo (Eastern)",1,1,1,2,4,NA,1,NA,1,NA,NA,NA,NA,1,1,1,0,2,1,0,NA,0,1,NA,0,0,0,1,NA,1,0,NA,NA,NA,NA,NA,NA,NA,NA,1,1,0,NA,1,NA,NA,NA,NA,1,NA,NA,NA,NA,NA,NA,NA,NA
"79",136,"NS29","Yokuts","Nc24",NA,"MINERVA",1,20,NA,NA,NA,20,NA,NA,NA,NA,NA,7,NA,NA,NA,7,NA,NA,NA,2,2,2,2,1,NA,NA,1,1,7,1,1,1,7,1,NA,NA,NA,NA,NA,NA,NA,NA,NA,1,NA,NA,NA,NA,NA,NA,NA,NA,NA,1,20,7,NA,NA,2,2,2,2,1,7,NA,20,0,0,0,20,0,0,0,0,0,20,0,"Yokuts (Lake)",1,1,1,2,4,NA,1,0,1,1,0,1,2,1,1,1,1,2,1,1,NA,0,1,1,1,1,1,1,1,1,1,NA,NA,0,NA,1,NA,NA,NA,1,1,1,NA,1,1,NA,NA,NA,1,1,NA,NA,NA,NA,NA,NA,NA
"80",138,"NR10","Klamath","Nc08","44",NA,1,4,2,NA,NA,NA,NA,NA,NA,NA,NA,NA,NA,NA,NA,5,4,1.5,1,2,2,3,4,2,1,NA,1,1,1,1,1,1,5,4,2,4,1,1,2,2,4,4,1,4,NA,NA,NA,NA,NA,NA,NA,NA,NA,1,2,4,2,2,2,2,2,2,1,4,NA,4,2,0,0,0,0,0,0,2,0,2,0,"Klamath",1,1,1,2,1,1,NA,NA,NA,NA,NA,NA,NA,1,NA,NA,0,NA,1,1,1,NA,NA,NA,0,NA,NA,NA,NA,NA,NA,NA,NA,NA,NA,NA,NA,NA,NA,NA,NA,NA,NA,NA,NA,NA,NA,NA,NA,NA,NA,NA,NA,NA,NA,NA,NA
"81",141,"NQ14","Hidatsa","Ne15",NA,"JGE",3,22,NA,NA,NA,NA,NA,NA,NA,2,NA,NA,NA,NA,NA,7,NA,2,2,2.864,3,2.455,2.5,3,NA,NA,2,NA,NA,NA,NA,NA,7,NA,NA,NA,NA,NA,NA,NA,NA,NA,NA,NA,NA,NA,NA,NA,NA,NA,NA,NA,NA,NA,22,7,2,2,2.864,3,2.455,2.5,3,7,2,22,NA,NA,NA,NA,NA,NA,NA,NA,NA,22,2,"Hidatsa",1,1,5,1,5,1,1,NA,NA,1,NA,NA,NA,1,0,1,1,1,1,1,NA,NA,1,NA,0,1,NA,1,NA,1,1,NA,NA,NA,NA,0,1,NA,NA,NA,NA,NA,NA,NA,NA,NA,NA,NA,NA,NA,NA,NA,NA,NA,NA,NA,NA
"82",142,"NQ18","Pawnee","Nf06","46","JGE",3,3,3,3,3,NA,NA,NA,NA,4,4,NA,NA,NA,NA,4,4,1,1,NA,NA,4,4,1,1,1,4,4,NA,NA,NA,NA,4,4,3,4,1,1,NA,NA,4,4,1,4,NA,NA,NA,NA,NA,NA,NA,NA,NA,NA,NA,NA,NA,NA,NA,NA,NA,NA,NA,NA,NA,3,3,3,3,NA,NA,NA,NA,3,NA,NA,NA,"Pawnee",2,2,3,4,4,1,1,NA,NA,NA,1,NA,NA,1,0,1,1,1,NA,1,NA,NA,0,NA,NA,1,NA,1,NA,NA,1,NA,NA,NA,NA,NA,NA,0,0,NA,NA,NA,NA,NA,NA,NA,NA,NA,NA,NA,NA,NA,NA,NA,NA,NA,NA
"83",144,"NG05","Huron/Wendat","Ng01",NA,"JGE",1,11,9,3,3,NA,NA,4,4,4,4,NA,NA,5,5,6,5,1.727,2,1.273,1,3.091,3,4,3,0,4,4,1,1,5,5,6,5,9,5,1.667,2,1.333,1,3.333,3,3,5,NA,NA,NA,NA,NA,NA,NA,NA,NA,1,2,4,2,2,1,1,2,2,1,4,NA,11,9,3,3,0,0,4,4,9,0,2,0,"Huron",2,2,3,2,5,1,1,0,1,1,0,1,2,1,0,1,1,1,1,1,1,NA,0,0,0,NA,NA,1,1,1,NA,NA,NA,0,0,0,0,NA,NA,NA,NA,NA,NA,NA,NA,NA,NA,NA,NA,NA,NA,NA,NA,NA,NA,NA,NA
"84",150,"NT14","Havasupai","Nd03",NA,"JGE",1,4,4,NA,NA,4,4,NA,NA,NA,NA,5,5,NA,NA,5,5,2,2,1.75,2,3.5,4,1,1,0,1,1,5,5,1,1,5,5,4,5,2,2,1.75,2,3.5,4,1,5,NA,NA,NA,NA,NA,NA,NA,NA,NA,1,NA,NA,NA,NA,NA,NA,NA,NA,NA,1,NA,4,4,0,0,4,4,0,0,4,0,0,0,"Havasupai",1,1,6,1,3,1,NA,NA,NA,NA,NA,NA,NA,1,1,0,1,1,NA,1,NA,NA,NA,NA,NA,NA,1,NA,NA,NA,1,NA,NA,NA,NA,NA,NA,NA,NA,NA,NA,NA,NA,NA,NA,NA,NA,NA,NA,NA,NA,NA,NA,NA,NA,NA,NA
"85",151,"NU79","O'odham","Ni02",NA,"JGE",3,56,14,10,10,5,4,20,NA,6,6,5,5,7,NA,7,6,1.821,2,2.786,3,2.268,2,5,2,0,6,6,5,5,7,NA,7,6,14,6,1.286,1,2.429,3,3,3,2,6,NA,NA,NA,NA,NA,NA,NA,NA,NA,NA,42,7,2,2,2.905,3,2.024,2,4,7,NA,56,14,10,10,5,4,20,NA,14,NA,42,NA,"Papago",1,1,6,1,NA,1,1,1,0,1,1,1,2,1,1,1,1,2,1,1,1,0,1,1,0,1,0,0,NA,0,1,0,1,NA,NA,NA,0,0,1,NA,NA,NA,NA,NA,NA,NA,NA,NA,NA,NA,NA,NA,NA,NA,NA,NA,NA
"86",154,"NU30","Popoluca","Nj03",NA,"JGE",2,1,1,1,1,NA,NA,NA,NA,3,3,NA,NA,NA,NA,3,3,1,1,1,1,3,3,1,1,0,3,3,1,1,1,1,3,3,1,3,1,1,1,1,3,3,1,3,NA,NA,NA,NA,NA,NA,NA,NA,NA,1,NA,NA,NA,NA,NA,NA,NA,NA,NA,1,NA,1,1,1,1,0,0,0,0,1,0,0,0,"Popoluca",1,1,3,1,5,1,1,0,1,0,1,1,1,1,0,NA,1,NA,1,NA,NA,NA,NA,NA,0,NA,NA,NA,NA,1,NA,NA,NA,0,1,NA,NA,0,1,NA,NA,NA,NA,NA,NA,NA,NA,NA,NA,NA,NA,NA,NA,NA,NA,NA,NA
"87",156,"SA15","Miskito","Sa09",NA,"JGE",1,20,NA,NA,NA,20,NA,NA,NA,NA,NA,7,NA,NA,NA,7,NA,2,2,3,3,2,2,1,NA,NA,1,1,7,1,1,1,7,1,NA,NA,NA,NA,NA,NA,NA,NA,NA,1,NA,NA,NA,NA,NA,NA,NA,NA,NA,1,20,7,2,2,3,3,2,2,1,7,3,20,0,0,0,20,0,0,0,0,0,20,3,"Miskito",2,2,3,1,3,1,1,0,1,1,1,1,2,1,1,0,1,1,1,1,NA,0,NA,1,0,1,1,NA,1,1,1,0,0,0,0,0,NA,0,1,NA,NA,NA,NA,NA,NA,NA,NA,NA,NA,NA,NA,NA,NA,NA,NA,NA,NA
"88",159,"SC13","Goajiro","Sb06",NA,"JGE",1,5,5,5,5,NA,NA,NA,NA,5,5,NA,NA,NA,NA,5,5,1,1,1.8,2,3.2,3,1,1,9,5,5,1,1,1,1,5,5,5,5,1,1,1.8,2,3.2,3,1,5,NA,NA,NA,NA,NA,NA,NA,NA,NA,1,NA,NA,NA,NA,NA,NA,NA,NA,NA,1,NA,5,5,5,5,0,0,0,0,5,0,0,0,"Goajiro",1,1,2,2,1,1,1,0,1,1,1,1,2,1,0,1,1,1,1,1,1,NA,NA,NA,1,NA,NA,NA,1,1,1,0,0,0,1,0,1,NA,0,NA,NA,NA,NA,NA,NA,NA,NA,NA,NA,NA,NA,NA,NA,NA,NA,NA,NA
"89",160,"SV03","Haitians","Sb09",NA,"JGE",3,4,4,NA,NA,NA,NA,1,1,NA,NA,NA,NA,3,3,5,5,1.75,2,1.75,2,3.75,4,2,2,0,NA,NA,NA,NA,3,3,5,5,3,4,2,2,2,2,4,4,1,4,1,3,1,1,1,1,3,3,1,3,NA,NA,NA,NA,NA,NA,NA,NA,NA,NA,3,4,4,NA,NA,NA,NA,1,1,3,1,NA,3,"Haitians",4,4,5,5,8,1,1,1,NA,NA,NA,NA,NA,1,1,1,1,2,1,0,NA,NA,0,NA,0,NA,NA,1,NA,1,NA,0,1,NA,NA,NA,NA,NA,NA,NA,NA,NA,NA,NA,NA,NA,NA,NA,NA,NA,NA,NA,NA,NA,NA,NA,NA
"90",162,"SS18","Warao","Sc01",NA,"JGE",2,20,NA,NA,NA,20,NA,NA,NA,NA,NA,7,NA,NA,NA,7,NA,NA,NA,3,3,2,2,1,NA,NA,1,1,7,1,1,1,7,1,NA,NA,NA,NA,NA,NA,NA,NA,NA,1,NA,NA,NA,NA,NA,NA,NA,NA,NA,1,20,7,NA,NA,3,3,2,2,1,7,NA,20,0,0,0,20,0,0,0,0,0,20,0,"Warrau",1,1,2,1,2,1,1,0,1,NA,NA,1,NA,1,0,1,0,1,1,0,NA,NA,0,NA,NA,NA,NA,1,NA,NA,NA,0,0,0,1,NA,NA,NA,NA,NA,NA,NA,NA,NA,NA,NA,NA,NA,NA,NA,NA,NA,NA,NA,NA,NA,NA
"91",164,"SR09","Barama River Carib","Sc03",NA,"JGE",3,2,2,2,2,NA,NA,NA,NA,4,4,NA,NA,NA,NA,4,4,1,1,1,1,4,4,1,1,NA,4,4,NA,NA,NA,NA,4,4,2,4,1,1,1,1,4,4,1,4,NA,NA,NA,NA,NA,NA,NA,NA,NA,NA,NA,NA,NA,NA,NA,NA,NA,NA,NA,NA,NA,2,2,2,2,NA,NA,NA,NA,2,NA,NA,NA,"Carib (Barama)",1,1,3,1,1,1,1,0,1,0,1,1,1,NA,NA,NA,NA,NA,NA,NA,NA,NA,NA,NA,NA,NA,NA,NA,NA,NA,NA,0,0,0,0,NA,NA,0,0,NA,NA,NA,NA,NA,NA,NA,NA,NA,NA,NA,NA,NA,NA,NA,NA,NA,NA
"92",165,"SR15","Saramaka","Sc06","59","JGE",3,1,NA,NA,NA,NA,NA,NA,NA,NA,NA,NA,NA,NA,NA,3,NA,2,2,1,1,2,2,1,NA,0,NA,NA,NA,NA,NA,NA,3,NA,NA,NA,NA,NA,NA,NA,NA,NA,NA,NA,NA,NA,NA,NA,NA,NA,NA,NA,NA,NA,1,3,2,2,1,1,2,2,1,3,NA,1,NA,NA,NA,NA,NA,NA,NA,NA,NA,1,NA,"Saramacca",3,3,3,1,3,1,1,0,1,1,1,1,2,1,0,NA,NA,NA,NA,1,NA,NA,NA,NA,NA,1,NA,NA,NA,NA,0,NA,NA,1,1,0,1,0,1,NA,NA,NA,NA,NA,NA,NA,NA,NA,NA,NA,NA,NA,NA,NA,NA,NA,NA
"93",167,"SQ19","Tukano","Se12","58","MINERVA",2,20,NA,NA,NA,20,NA,NA,NA,NA,NA,7,NA,NA,NA,7,NA,2,2,3,3,2,2,1,NA,NA,1,1,7,1,1,1,7,1,NA,NA,NA,NA,NA,NA,NA,NA,NA,1,NA,NA,NA,NA,NA,NA,NA,NA,NA,1,20,7,2,2,3,3,2,2,1,7,NA,20,0,0,0,20,0,0,0,0,0,20,0,"Cubeo (Tucano)",1,1,3,1,1,NA,1,1,1,1,1,2,3,NA,1,1,1,2,NA,NA,NA,0,0,0,1,1,1,0,0,1,0,0,0,0,0,0,0,0,0,1,1,1,1,1,1,1,NA,1,0,1,1,NA,1,NA,0,NA,0
"94",168,"SD06","Chachi","Sf03",NA,"MINERVA",2,20,NA,NA,NA,20,NA,NA,NA,NA,NA,7,NA,NA,NA,7,NA,2,2,3,3,2,2,1,NA,NA,1,1,7,1,1,1,7,1,NA,NA,NA,NA,NA,NA,NA,NA,NA,1,NA,NA,NA,NA,NA,NA,NA,NA,NA,1,20,7,2,2,3,3,2,2,1,7,NA,20,0,0,0,20,0,0,0,0,0,20,0,"Cayapa",1,1,4,1,5,1,1,0,1,0,1,1,1,1,NA,NA,1,NA,NA,1,NA,NA,NA,0,NA,1,NA,NA,1,NA,1,NA,NA,1,0,NA,NA,1,1,NA,NA,NA,NA,NA,NA,NA,NA,NA,NA,NA,NA,NA,NA,NA,NA,NA,NA
"95",172,"SF05","Aymara","Sf02","53","JGE",1,13,13,5,5,NA,NA,NA,NA,5,5,NA,NA,NA,NA,6,6,1.615,2,1,1,3.385,3,4,4,3,5,5,1,1,1,1,6,6,13,6,1.615,2,1,1,3.385,3,4,6,NA,NA,NA,NA,NA,NA,NA,NA,NA,1,NA,NA,NA,NA,NA,NA,NA,NA,NA,1,NA,13,13,5,5,0,0,0,0,13,0,0,0,"Aymara",NA,NA,3,2,5,1,1,0,0,1,1,0,1,1,NA,NA,1,NA,1,NA,NA,NA,NA,NA,NA,NA,NA,NA,NA,1,NA,0,0,NA,NA,0,0,NA,1,NA,NA,NA,NA,NA,NA,NA,NA,NA,NA,NA,NA,NA,NA,NA,NA,NA,NA
"96",173,"SF21","Sirionó","Se01",NA,"JGE",4,20,NA,NA,NA,20,NA,NA,NA,NA,NA,7,NA,NA,NA,7,NA,2,2,3,3,2,2,1,NA,NA,NA,NA,7,NA,NA,NA,7,NA,NA,NA,NA,NA,NA,NA,NA,NA,NA,NA,NA,NA,NA,NA,NA,NA,NA,NA,NA,NA,20,7,2,2,3,3,2,2,1,7,NA,20,NA,NA,NA,20,NA,NA,NA,NA,NA,20,NA,"Siriono",1,1,3,1,1,1,1,1,0,0,1,1,1,1,0,NA,NA,NA,NA,NA,NA,NA,NA,NA,NA,NA,NA,NA,NA,NA,NA,0,0,NA,NA,NA,NA,0,0,NA,NA,NA,NA,NA,NA,NA,NA,NA,NA,NA,NA,NA,NA,NA,NA,NA,NA
"97",182,"SK15","Enxet and Enlhet","Sh09",NA,"JGE",2,8,6,2,2,2,2,4,2,4,4,4,4,5,4,5,5,1.75,2,1,1,2.75,3,4,3,NA,4,4,4,4,5,4,5,5,6,5,1.667,2,1,1,3,3,3,5,NA,NA,NA,NA,NA,NA,NA,NA,NA,1,2,4,2,2,1,1,2,2,1,4,NA,8,6,2,2,2,2,4,2,6,0,2,0,"Lengua",1,1,2,1,3,1,1,NA,1,NA,NA,NA,NA,1,0,1,0,1,1,1,NA,NA,NA,NA,NA,NA,NA,NA,NA,NA,NA,NA,NA,0,NA,NA,NA,NA,NA,NA,NA,NA,NA,NA,NA,NA,NA,NA,NA,NA,NA,NA,NA,NA,NA,NA,NA
"98",184,"SG04","Mapuche","Sg02",NA,"JGE",1,5,5,NA,NA,NA,NA,2,2,NA,NA,NA,NA,4,4,5,5,1.6,2,1.4,1,3.2,3,5,5,6,1,1,1,1,4,4,5,5,5,5,1.6,2,1.4,1,3.2,3,5,5,NA,NA,NA,NA,NA,NA,NA,NA,NA,1,NA,NA,NA,NA,NA,NA,NA,NA,NA,1,NA,5,5,0,0,0,0,2,2,5,0,0,0,"Mapuche",1,1,5,2,2,1,1,1,0,1,1,1,2,1,NA,NA,1,NA,1,1,1,NA,NA,NA,1,NA,NA,NA,1,1,1,0,0,NA,NA,1,0,1,0,NA,NA,NA,NA,NA,NA,NA,NA,NA,NA,NA,NA,NA,NA,NA,NA,NA,NA
"99",185,"SH05","Tehuelche","Sg04",NA,"JGE",1,36,NA,NA,NA,21,NA,NA,NA,NA,NA,7,NA,NA,NA,7,NA,1.2,1,2.556,3,1.139,1,5,NA,0,1,1,7,1,1,1,7,1,NA,NA,NA,NA,NA,NA,NA,NA,NA,1,NA,NA,NA,NA,NA,NA,NA,NA,NA,1,36,7,1.2,1,2.556,3,1.139,1,5,7,NA,36,0,0,0,21,0,0,0,0,0,36,0,"Tehuelche",1,1,1,1,2,1,1,1,1,0,0,2,2,NA,NA,NA,NA,NA,NA,NA,NA,NA,NA,NA,NA,NA,NA,NA,NA,NA,NA,0,0,0,0,NA,NA,NA,NA,NA,NA,NA,NA,NA,NA,NA,NA,NA,NA,NA,NA,NA,NA,NA,NA,NA,NA
"100",186,"SH06","Yahgan","Sg01",NA,"JGE",2,20,NA,NA,NA,NA,NA,NA,NA,NA,NA,NA,NA,NA,NA,7,NA,2,2,1,1,2,2,1,NA,NA,1,1,1,1,1,1,7,1,NA,NA,NA,NA,NA,NA,NA,NA,NA,1,NA,NA,NA,NA,NA,NA,NA,NA,NA,1,20,7,2,2,1,1,2,2,1,7,NA,20,0,0,0,0,0,0,0,0,0,20,0,"Yahgan",1,1,1,1,1,1,1,1,0,0,1,1,1,1,1,0,0,1,1,1,1,0,NA,NA,NA,1,1,NA,NA,NA,1,0,1,NA,NA,NA,NA,1,1,NA,NA,NA,NA,NA,NA,NA,NA,NA,NA,NA,NA,NA,NA,NA,NA,NA,NA
"101",201,"AD05","Taiwan Hokkien",NA,"26","MINERVA",1,33,10,2,NA,20,NA,NA,NA,4,NA,7,NA,NA,NA,7,6,1.909,2,2.545,3,2.636,2,4,1,0,4,1,7,1,1,1,7,6,10,6,2,2,2,2,4,4,1,6,NA,NA,NA,NA,NA,NA,NA,NA,NA,1,23,7,1.87,2,2.783,3,2.043,2,3,7,2,33,10,2,0,20,0,0,0,10,0,23,2,"Taiwan Hokkien",NA,NA,NA,NA,NA,NA,1,0,1,1,1,1,2,NA,0,1,1,1,NA,NA,NA,NA,1,1,1,1,NA,1,1,1,1,NA,NA,1,1,1,1,1,1,1,1,1,NA,0,0,0,NA,NA,0,0,0,NA,NA,NA,NA,NA,NA
"102",202,"AR07","Khasi","Ei08","29","MINERVA",3,2,2,NA,NA,NA,NA,1,1,NA,NA,NA,NA,3,3,4,4,2,2,1,1,4,4,2,2,15,NA,NA,NA,NA,3,3,4,4,NA,NA,NA,NA,NA,NA,NA,NA,NA,NA,1,3,NA,NA,1,1,4,4,1,3,NA,NA,NA,NA,NA,NA,NA,NA,NA,NA,NA,2,2,NA,NA,NA,NA,1,1,NA,1,NA,NA,"Khasi",2,2,3,4,NA,NA,1,0,1,NA,NA,1,NA,NA,0,1,0,1,NA,NA,NA,NA,NA,NA,1,NA,NA,NA,NA,1,NA,NA,NA,NA,NA,NA,NA,NA,NA,1,1,NA,NA,NA,NA,NA,NA,NA,NA,NA,NA,NA,NA,NA,NA,NA,NA
"103",203,"AX04","Sinhalese","Eh06","22","MINERVA",3,40,NA,20,NA,NA,NA,NA,NA,7,NA,NA,NA,NA,NA,7,NA,1.5,1,3,3,1.5,2,2,NA,NA,7,NA,NA,NA,NA,NA,7,NA,NA,NA,NA,NA,NA,NA,NA,NA,NA,NA,NA,NA,NA,NA,NA,NA,NA,NA,NA,NA,40,7,1.5,1,3,3,1.5,2,2,7,NA,40,NA,20,NA,NA,NA,NA,NA,NA,NA,40,NA,"Sinhalese",4,4,6,5,8,NA,1,1,1,1,1,2,3,NA,0,1,0,1,NA,NA,NA,NA,0,NA,0,NA,NA,1,NA,1,NA,0,0,0,1,0,1,0,0,1,1,1,0,0,0,1,NA,0,0,0,0,NA,0,NA,NA,NA,0
"104",204,"EF06","Serbs","Ch01","19","MINERVA",1,20,NA,NA,NA,NA,NA,NA,NA,2,2,NA,NA,NA,NA,7,2,NA,NA,3,3,2,2,1,NA,NA,2,2,1,1,1,1,7,2,NA,2,NA,NA,NA,NA,NA,NA,NA,2,NA,NA,NA,NA,NA,NA,NA,NA,NA,1,20,7,NA,NA,3,3,2,2,1,7,3,20,0,0,0,0,0,0,0,0,0,20,3,"Serbs",4,4,5,5,8,NA,1,0,1,1,0,1,2,NA,0,1,1,1,NA,NA,NA,NA,1,0,0,NA,NA,1,1,1,1,NA,NA,0,1,0,1,NA,NA,1,1,1,NA,0,0,NA,NA,NA,0,1,NA,NA,NA,NA,NA,NA,NA
"105",205,"ES10","Highland Scots",NA,"18a","MINERVA",1,4,4,NA,NA,NA,NA,2,2,NA,NA,NA,NA,4,4,5,5,1.5,1,1.5,1,3.5,3.5,2,2,NA,1,1,1,1,4,4,5,5,4,5,1.5,1,1.5,1,3.5,3.5,2,5,NA,NA,NA,NA,NA,NA,NA,NA,NA,1,NA,NA,NA,NA,NA,NA,NA,NA,NA,1,NA,4,4,0,0,0,0,2,2,4,0,0,0,"Highland Scots",NA,NA,NA,NA,NA,NA,1,1,0,1,1,1,2,NA,0,1,0,1,NA,NA,NA,NA,NA,NA,NA,0,NA,1,NA,1,1,0,1,NA,NA,0,1,NA,1,1,1,1,0,NA,0,NA,NA,0,NA,0,0,NA,0,NA,0,NA,1
"106",206,"FA16","Dogon","Ag03","8","MINERVA",2,60,NA,20,NA,NA,NA,NA,NA,7,NA,NA,NA,NA,2,7,2,1.667,2,2,2,2.25,2.5,3,NA,NA,7,1,1,1,1,2,7,2,NA,2,NA,NA,NA,NA,NA,NA,NA,2,NA,NA,NA,NA,NA,NA,NA,NA,NA,1,40,7,1.5,1,2,2,2.25,2.5,2,7,2,60,0,20,0,0,0,0,0,0,0,40,2,"Dogon",2,2,5,2,3,NA,1,0,1,1,1,1,2,NA,0,1,1,1,NA,NA,NA,NA,0,0,0,1,NA,1,1,1,1,NA,NA,0,1,0,1,0,1,1,1,1,NA,0,1,0,NA,NA,0,1,0,NA,NA,NA,NA,NA,NA
"107",207,"MS14","Kanuri","Cb19","14",NA,4,1,1,1,1,NA,NA,NA,NA,3,3,NA,NA,NA,NA,3,3,1,1,1,1,4,4,1,1,NA,3,3,NA,NA,NA,NA,3,3,1,3,1,1,1,1,4,4,1,3,NA,NA,NA,NA,NA,NA,NA,NA,NA,NA,NA,NA,NA,NA,NA,NA,NA,NA,NA,NA,NA,1,1,1,1,NA,NA,NA,NA,1,NA,NA,NA,"Kanuri",4,4,5,4,NA,NA,1,0,1,1,1,1,2,NA,1,0,1,1,NA,NA,NA,0,NA,NA,NA,NA,1,NA,1,1,1,NA,NA,0,1,0,1,0,1,1,1,1,NA,1,0,0,0,NA,1,0,0,0,0,0,0,0,1
"108",208,"MT09","Libyan Bedouin","Cd20","16","MINERVA",1,3,3,2,2,NA,NA,1,1,4,4,NA,NA,3,3,4,4,1.333,1,1,1,3.667,4,2,2,2,4,4,1,1,3,3,4,4,3,4,1.333,1,1,1,3.667,4,2,4,NA,NA,NA,NA,NA,NA,NA,NA,NA,1,NA,NA,NA,NA,NA,NA,NA,NA,NA,1,NA,3,3,2,2,0,0,1,1,3,0,0,0,"Libyan Bedouin",4,4,5,NA,NA,NA,1,0,0,1,NA,0,1,NA,0,1,NA,1,NA,NA,NA,NA,0,NA,NA,NA,NA,NA,NA,NA,NA,NA,NA,NA,NA,1,NA,NA,NA,1,NA,NA,NA,NA,1,NA,NA,NA,NA,1,NA,NA,NA,NA,NA,NA,NA
"109",209,"MW11","Shluh","Cd05","15","MINERVA",2,2,2,NA,NA,NA,NA,NA,NA,NA,NA,NA,NA,NA,NA,4,4,1,1,1,1,4,4,1,1,NA,1,1,1,1,1,1,4,4,2,4,1,1,1,1,4,4,1,4,NA,NA,NA,NA,NA,NA,NA,NA,NA,1,NA,NA,NA,NA,NA,NA,NA,NA,NA,1,NA,2,2,0,0,0,0,0,0,2,0,0,0,"Shluh",2,2,6,1,NA,NA,1,1,0,1,1,1,2,NA,0,1,1,1,NA,NA,NA,NA,1,0,NA,1,NA,NA,NA,NA,1,0,NA,NA,NA,1,NA,0,NA,1,NA,1,1,NA,1,1,NA,NA,NA,1,1,NA,1,NA,NA,NA,NA
"110",210,"NA12","Tlingit","Nb22","43","MINERVA",3,52,7,NA,NA,2,2,NA,NA,NA,NA,4,4,NA,NA,7,5,1.615,2,1.385,1,2.173,2,7,3,0,NA,NA,4,4,NA,NA,7,5,NA,NA,NA,NA,NA,NA,NA,NA,NA,NA,7,5,2,2,1,1,3.286,3,3,5,45,7,1.556,2,1.444,1,2,2,4,7,NA,52,7,NA,NA,2,2,NA,NA,NA,7,45,NA,"Tlingit",1,1,1,4,4,NA,1,0,0,1,1,0,1,NA,1,1,1,2,NA,NA,NA,0,1,1,1,1,NA,NA,NA,1,0,NA,NA,NA,NA,0,1,1,0,1,1,1,NA,NA,1,1,NA,NA,NA,0,0,NA,0,NA,0,NA,NA
"111",214,"NU33","Tarahumara","Ni01","49","MINERVA",3,46,2,2,2,NA,NA,4,NA,4,4,NA,NA,5,NA,7,4,1.957,2,2.913,3,2.087,2,4,1,NA,4,4,NA,NA,5,NA,7,4,2,4,1,1,1,1,4,4,1,4,NA,NA,NA,NA,NA,NA,NA,NA,NA,NA,44,7,2,2,3,3,2,2,3,7,NA,46,2,2,2,NA,NA,4,NA,2,NA,44,NA,"Tarahumara",1,1,5,2,NA,NA,1,0,1,1,1,1,2,NA,0,1,1,1,NA,NA,NA,NA,NA,1,NA,1,NA,1,1,NA,NA,NA,NA,1,1,1,NA,1,NA,1,NA,1,NA,0,0,0,NA,NA,0,0,0,NA,NA,NA,NA,NA,NA
"112",215,"NU44","Zapotec","Nj10","50.b","MINERVA",2,24,1,1,1,20,NA,NA,NA,3,3,7,NA,NA,NA,7,3,1.958,2,2.708,3,2.062,2,3,1,0,3,3,7,1,1,1,7,3,1,3,1,1,2,2,3,3,1,3,NA,NA,NA,NA,NA,NA,NA,NA,NA,1,23,7,2,2,2.739,3,2.022,2,2,7,NA,24,1,1,1,20,0,0,0,1,0,23,0,"Zapotec",NA,NA,3,NA,7,NA,1,1,1,1,1,2,3,NA,0,1,1,1,NA,NA,NA,NA,NA,0,0,NA,NA,1,1,1,NA,0,0,NA,NA,0,1,1,1,1,1,NA,0,0,0,0,NA,0,1,0,0,NA,NA,NA,NA,NA,NA
"113",217,"OQ06","Lau Fijians","Ih04","39","MINERVA",1,25,1,4,NA,NA,NA,NA,NA,5,NA,NA,NA,NA,NA,7,3,1.84,2,2.64,3,2.08,2,3,1,NA,5,1,1,1,1,1,7,3,1,3,2,2,2,2,4,4,1,3,NA,2,NA,NA,NA,NA,NA,NA,NA,2,24,7,1.833,2,2.667,3,2,2,2,7,3,25,1,4,0,0,0,0,0,1,0,24,3,"Lau Fijians",3,3,4,2,2,NA,1,0,1,1,1,1,2,NA,NA,1,1,NA,NA,NA,NA,NA,1,1,1,1,NA,1,1,1,NA,NA,NA,1,NA,1,0,1,NA,1,1,1,NA,1,1,0,NA,NA,1,1,0,NA,1,NA,NA,NA,NA
"114",218,"RV02","Yakut","Ec02","23",NA,3,85,23,6,6,3,2,20,NA,5,5,4,4,7,NA,7,7,1.705,2,2.953,3,2.294,2,8,5,0,5,5,4,4,7,NA,7,7,22,7,1.409,1,2.864,3,4,4,5,7,1,3,2,2,3,3,4,4,1,3,62,7,2,2,2.984,3,1.661,2,4,7,NA,85,23,6,6,3,2,20,NA,22,1,62,NA,"Yakut",3,3,2,2,2,NA,0.5,NA,NA,NA,NA,NA,NA,NA,NA,NA,NA,NA,NA,NA,NA,NA,NA,NA,NA,NA,NA,NA,NA,NA,NA,NA,NA,NA,NA,NA,NA,NA,NA,0.5,NA,NA,NA,NA,NA,NA,NA,NA,NA,NA,NA,NA,NA,NA,NA,NA,NA
"115",220,"SH04","Ona","Sg03","54","MINERVA",1,20,NA,NA,NA,NA,NA,NA,NA,NA,NA,NA,NA,NA,NA,7,NA,1,1,2,2,2,2,1,NA,NA,1,1,1,1,1,1,7,1,NA,NA,NA,NA,NA,NA,NA,NA,NA,1,NA,NA,NA,NA,NA,NA,NA,NA,NA,1,20,7,1,1,2,2,2,2,1,7,NA,20,0,0,0,0,0,0,0,0,0,20,0,"Ona",1,1,1,1,2,NA,1,0,1,NA,NA,1,NA,NA,1,0,NA,1,NA,NA,NA,0,NA,NA,NA,NA,NA,NA,NA,NA,NA,NA,NA,0,NA,NA,NA,NA,NA,1,NA,1,NA,NA,NA,NA,NA,NA,0,NA,NA,NA,NA,NA,NA,NA,NA
"116",221,"SI07","Mataco","Sh01","55","MINERVA",3,24,4,2,2,2,2,NA,NA,4,4,4,4,NA,NA,7,5,1.917,2,2.833,3,1.417,1,3,2,NA,4,4,4,4,NA,NA,7,5,2,4,1,1,2,2,3,3,1,4,2,4,2,2,2,2,4,4,1,4,20,7,2,2,3,3,1,1,1,7,NA,24,4,2,2,2,2,NA,NA,2,2,20,NA,"Mataco",1,1,2,1,2,NA,0.5,NA,NA,NA,NA,NA,NA,NA,NA,NA,NA,NA,NA,NA,NA,NA,NA,NA,NA,1,NA,NA,NA,NA,1,NA,NA,NA,NA,NA,NA,NA,NA,1,NA,1,NA,NA,NA,NA,NA,NA,NA,NA,NA,NA,NA,NA,NA,NA,NA
"117",222,"SO11","Bahia Brazilians","So11","18b","MINERVA",2,25,5,5,5,NA,NA,NA,NA,5,5,NA,NA,NA,NA,7,5,1.8,2,2.6,3,2.24,2,2,1,1,5,5,1,1,1,1,7,5,5,5,1,1,1,1,3.2,3,1,5,NA,NA,NA,NA,NA,NA,NA,NA,NA,1,20,7,2,2,3,3,2,2,1,7,NA,25,5,5,5,0,0,0,0,5,0,20,0,"Bahia Brazilians",5,5,5,5,8,NA,1,0,1,0,1,1,1,NA,0,NA,1,NA,NA,NA,NA,NA,NA,NA,NA,NA,NA,NA,NA,NA,NA,NA,NA,0,NA,NA,NA,NA,NA,1,1,NA,NA,0,NA,NA,NA,NA,0,NA,0,NA,0,NA,0,NA,NA
"118",223,"SP08","Bororo","Si01","57",NA,2,20,NA,NA,NA,20,NA,NA,NA,NA,NA,7,NA,NA,NA,7,NA,NA,NA,3,3,2,2,1,NA,NA,1,1,7,1,1,1,7,1,NA,NA,NA,NA,NA,NA,NA,NA,NA,1,NA,NA,NA,NA,NA,NA,NA,NA,NA,1,20,7,NA,NA,3,3,2,2,1,7,NA,20,0,0,0,20,0,0,0,0,0,20,0,"Bororo",2,2,1,1,NA,NA,1,0,1,1,1,1,2,NA,1,0,1,1,NA,NA,NA,0,NA,NA,NA,NA,1,NA,1,NA,NA,NA,NA,0,1,0,1,1,1,1,NA,NA,NA,1,1,1,NA,NA,1,1,NA,NA,NA,NA,NA,NA,NA
"119",68,"AK05","Lepcha","Ee03",NA,"JGE",4,NA,NA,NA,NA,NA,NA,NA,NA,NA,NA,NA,NA,NA,NA,NA,NA,NA,NA,NA,NA,NA,NA,NA,NA,NA,NA,NA,NA,NA,NA,NA,NA,NA,NA,NA,NA,NA,NA,NA,NA,NA,NA,NA,NA,NA,NA,NA,NA,NA,NA,NA,NA,NA,NA,NA,NA,NA,NA,NA,NA,NA,NA,NA,NA,NA,NA,NA,NA,NA,NA,NA,NA,NA,NA,NA,NA,"Lepcha",2,2,5,2,3,1,1,0,NA,1,1,NA,NA,1,0,NA,1,NA,1,1,NA,NA,NA,1,1,1,NA,NA,1,1,1,NA,NA,NA,NA,0,1,0,1,NA,NA,NA,NA,NA,NA,NA,NA,NA,NA,NA,NA,NA,NA,NA,NA,NA,NA
"120",71,"AP04","Burmans","Ei03",NA,"JGE",2,NA,NA,NA,NA,NA,NA,NA,NA,NA,NA,NA,NA,NA,NA,NA,NA,NA,NA,NA,NA,NA,NA,NA,NA,NA,1,1,1,1,1,1,1,1,NA,NA,NA,NA,NA,NA,NA,NA,NA,1,NA,NA,NA,NA,NA,NA,NA,NA,NA,1,NA,NA,NA,NA,NA,NA,NA,NA,NA,1,NA,0,0,0,0,0,0,0,0,0,0,0,0,"Burmese",4,4,6,5,8,1,1,0,0,1,1,0,1,1,1,0,1,1,1,1,NA,0,NA,1,NA,1,1,NA,1,1,1,NA,NA,NA,NA,0,1,0,1,NA,NA,NA,NA,NA,NA,NA,NA,NA,NA,NA,NA,NA,NA,NA,NA,NA,NA
"121",57,"MA11","Kurds","Ci11","21","JGE",3,NA,NA,NA,NA,NA,NA,NA,NA,NA,NA,NA,NA,NA,NA,NA,NA,NA,NA,NA,NA,NA,NA,NA,NA,NA,NA,NA,NA,NA,NA,NA,NA,NA,NA,NA,NA,NA,NA,NA,NA,NA,NA,NA,NA,NA,NA,NA,NA,NA,NA,NA,NA,NA,NA,NA,NA,NA,NA,NA,NA,NA,NA,NA,NA,NA,NA,NA,NA,NA,NA,NA,NA,NA,NA,NA,NA,"Kurd",3,3,6,4,6,1,1,0,NA,NA,NA,NA,NA,1,0,0,1,0,1,1,NA,NA,NA,0,0,NA,NA,NA,1,1,NA,0,0,NA,NA,NA,NA,NA,NA,NA,NA,NA,NA,NA,NA,NA,NA,NA,NA,NA,NA,NA,NA,NA,NA,NA,NA
"122",131,"NE09","Haida","Nb01",NA,"MINERVA",2,NA,NA,NA,NA,NA,NA,NA,NA,NA,NA,NA,NA,NA,NA,NA,NA,NA,NA,NA,NA,NA,NA,NA,NA,NA,1,1,1,1,1,1,1,1,NA,NA,NA,NA,NA,NA,NA,NA,NA,1,NA,NA,NA,NA,NA,NA,NA,NA,NA,1,NA,NA,NA,NA,NA,NA,NA,NA,NA,1,NA,0,0,0,0,0,0,0,0,0,0,0,0,"Haida",1,1,1,4,3,1,1,NA,1,NA,NA,NA,NA,1,0,NA,0,NA,1,1,NA,NA,NA,NA,1,NA,NA,NA,NA,1,NA,NA,NA,NA,NA,NA,NA,NA,NA,NA,NA,NA,NA,NA,NA,NA,NA,NA,NA,NA,NA,NA,NA,NA,NA,NA,NA
"123",211,"NF06","Blackfoot","Ne12","45",NA,4,NA,NA,NA,NA,NA,NA,NA,NA,NA,NA,NA,NA,NA,NA,NA,NA,NA,NA,NA,NA,NA,NA,NA,NA,NA,NA,NA,NA,NA,NA,NA,NA,NA,NA,NA,NA,NA,NA,NA,NA,NA,NA,NA,NA,NA,NA,NA,NA,NA,NA,NA,NA,NA,NA,NA,NA,NA,NA,NA,NA,NA,NA,NA,NA,NA,NA,NA,NA,NA,NA,NA,NA,NA,NA,NA,NA,"Blackfoot",1,1,1,1,4,NA,1,1,0,1,0,1,2,NA,1,NA,NA,NA,NA,NA,NA,0,NA,NA,NA,NA,NA,NA,NA,NA,NA,NA,NA,NA,NA,1,1,NA,NA,1,NA,NA,1,NA,1,NA,NA,0,NA,NA,NA,NA,NA,NA,NA,NA,NA
"124",212,"NM09","Iroquois","Ng10","47","MINERVA",4,NA,NA,NA,NA,NA,NA,NA,NA,NA,NA,NA,NA,NA,NA,NA,NA,NA,NA,NA,NA,NA,NA,NA,NA,NA,NA,NA,NA,NA,NA,NA,NA,NA,NA,NA,NA,NA,NA,NA,NA,NA,NA,NA,NA,NA,NA,NA,NA,NA,NA,NA,NA,NA,NA,NA,NA,NA,NA,NA,NA,NA,NA,NA,NA,NA,NA,NA,NA,NA,NA,NA,NA,NA,NA,NA,NA,"Iroquois",3,3,3,1,4,NA,1,0,0,1,1,0,1,NA,1,1,1,2,NA,NA,NA,0,0,1,NA,1,1,1,1,NA,1,0,NA,NA,NA,1,1,0,NA,1,NA,1,NA,NA,1,1,NA,NA,NA,NA,NA,NA,NA,NA,NA,NA,NA
"125",213,"NT09","Hopi","Nh18","48","MINERVA",2,NA,NA,NA,NA,NA,NA,NA,NA,NA,NA,NA,NA,NA,NA,NA,NA,NA,NA,NA,NA,NA,NA,NA,NA,NA,1,1,1,1,1,1,1,1,NA,NA,NA,NA,NA,NA,NA,NA,NA,1,NA,NA,NA,NA,NA,NA,NA,NA,NA,1,NA,NA,NA,NA,NA,NA,NA,NA,NA,1,NA,0,0,0,0,0,0,0,0,0,0,0,0,"Hopi",1,1,6,1,4,NA,1,0,1,1,1,1,2,NA,0,1,1,1,NA,NA,NA,NA,0,0,1,1,NA,NA,1,1,0,NA,NA,0,1,0,1,1,1,1,1,1,NA,0,1,1,NA,NA,0,1,1,NA,1,NA,0,NA,1
"126",84,"OF07","Balinese","Ib03",NA,"MINERVA",3,NA,NA,NA,NA,NA,NA,NA,NA,NA,NA,NA,NA,NA,NA,NA,NA,NA,NA,NA,NA,NA,NA,NA,NA,NA,NA,NA,NA,NA,NA,NA,NA,NA,NA,NA,NA,NA,NA,NA,NA,NA,NA,NA,NA,NA,NA,NA,NA,NA,NA,NA,NA,NA,NA,NA,NA,NA,NA,NA,NA,NA,NA,NA,NA,NA,NA,NA,NA,NA,NA,NA,NA,NA,NA,NA,NA,"Balinese",4,4,6,5,5,1,1,0,1,0,1,1,1,1,0,0,1,0,0,0,NA,NA,NA,0,NA,NA,NA,NA,1,NA,NA,0,0,0,1,NA,NA,0,1,NA,NA,NA,NA,NA,NA,NA,NA,NA,NA,NA,NA,NA,NA,NA,NA,NA,NA
"127",104,"OZ04","Maori","Ij02",NA,"MINERVA",3,NA,NA,NA,NA,NA,NA,NA,NA,NA,NA,NA,NA,NA,NA,NA,NA,NA,NA,NA,NA,NA,NA,NA,NA,NA,NA,NA,NA,NA,NA,NA,NA,NA,NA,NA,NA,NA,NA,NA,NA,NA,NA,NA,NA,NA,NA,NA,NA,NA,NA,NA,NA,NA,NA,NA,NA,NA,NA,NA,NA,NA,NA,NA,NA,NA,NA,NA,NA,NA,NA,NA,NA,NA,NA,NA,NA,"Maori",2,2,3,4,4,1,1,1,1,1,1,2,3,1,0,1,0,1,1,1,NA,NA,1,NA,1,1,NA,NA,NA,1,1,0,0,0,NA,1,1,1,1,NA,NA,NA,NA,NA,NA,NA,NA,NA,NA,NA,NA,NA,NA,NA,NA,NA,NA
"128",158,"SB05","Kuna","Sa01","51","MINERVA",1,NA,NA,NA,NA,NA,NA,NA,NA,NA,NA,NA,NA,NA,NA,NA,NA,NA,NA,NA,NA,NA,NA,NA,NA,NA,1,1,1,1,1,1,1,1,NA,NA,NA,NA,NA,NA,NA,NA,NA,1,NA,NA,NA,NA,NA,NA,NA,NA,NA,1,NA,NA,NA,NA,NA,NA,NA,NA,NA,1,NA,0,0,0,0,0,0,0,0,0,0,0,0,"Cuna (Tule)",2,2,3,2,2,NA,1,0,1,0,1,1,1,NA,1,0,0,1,NA,NA,NA,0,NA,NA,0,NA,NA,NA,NA,0,NA,NA,NA,0,NA,NA,NA,0,0,1,1,NA,NA,1,NA,1,NA,NA,NA,NA,1,NA,NA,NA,NA,NA,NA
"129",219,"SC07","Kogi","Sb02","52","MINERVA",2,NA,NA,NA,NA,NA,NA,NA,NA,NA,NA,NA,NA,NA,NA,NA,NA,NA,NA,NA,NA,NA,NA,NA,NA,NA,1,1,1,1,1,1,1,1,NA,NA,NA,NA,NA,NA,NA,NA,NA,1,NA,NA,NA,NA,NA,NA,NA,NA,NA,1,NA,NA,NA,NA,NA,NA,NA,NA,NA,1,NA,0,0,0,0,0,0,0,0,0,0,0,0,"Kogi",1,1,3,2,NA,NA,1,0,1,0,1,1,1,NA,0,1,1,1,NA,NA,NA,NA,NA,1,NA,1,NA,NA,0,NA,1,NA,NA,1,0,NA,NA,1,1,1,NA,1,NA,0,NA,0,NA,NA,0,NA,0,NA,NA,NA,NA,NA,NA
"130",181,"SM04","Guaraní","Sj10","56","MINERVA",4,NA,NA,NA,NA,NA,NA,NA,NA,NA,NA,NA,NA,NA,NA,NA,NA,NA,NA,NA,NA,NA,NA,NA,NA,NA,NA,NA,NA,NA,NA,NA,NA,NA,NA,NA,NA,NA,NA,NA,NA,NA,NA,NA,NA,NA,NA,NA,NA,NA,NA,NA,NA,NA,NA,NA,NA,NA,NA,NA,NA,NA,NA,NA,NA,NA,NA,NA,NA,NA,NA,NA,NA,NA,NA,NA,NA,"Cayua",1,1,3,1,1,NA,1,0,0,1,1,0,1,NA,NA,NA,NA,NA,NA,NA,NA,NA,NA,NA,NA,NA,NA,NA,NA,NA,NA,NA,NA,NA,NA,0,NA,0,NA,NA,NA,NA,NA,NA,1,1,NA,NA,NA,1,1,NA,NA,NA,0,NA,NA
"131",179,"SP26","Xavante","Sj11",NA,"MINERVA",1,NA,NA,NA,NA,NA,NA,NA,NA,NA,NA,NA,NA,NA,NA,NA,NA,NA,NA,NA,NA,NA,NA,NA,NA,NA,1,1,1,1,1,1,1,1,NA,NA,NA,NA,NA,NA,NA,NA,NA,1,NA,NA,NA,NA,NA,NA,NA,NA,NA,1,NA,NA,NA,NA,NA,NA,NA,NA,NA,1,NA,0,0,0,0,0,0,0,0,0,0,0,0,"Shavante",1,1,3,1,3,1,1,0,0,1,1,0,1,1,1,0,0,1,1,NA,NA,0,NA,NA,0,NA,0,NA,NA,1,NA,0,0,NA,NA,0,0,0,1,NA,NA,NA,NA,NA,NA,NA,NA,NA,NA,NA,NA,NA,NA,NA,NA,NA,NA
"132",163,"SQ18","Yanoama","Sd09","60","MINERVA",1,NA,NA,NA,NA,NA,NA,NA,NA,NA,NA,NA,NA,NA,NA,NA,NA,NA,NA,NA,NA,NA,NA,NA,NA,NA,1,1,1,1,1,1,1,1,NA,NA,NA,NA,NA,NA,NA,NA,NA,1,NA,NA,NA,NA,NA,NA,NA,NA,NA,1,NA,NA,NA,NA,NA,NA,NA,NA,NA,1,NA,0,0,0,0,0,0,0,0,0,0,0,0,"Yanomamo",1,1,3,1,2,NA,1,0,1,1,1,1,2,NA,1,0,1,1,NA,NA,NA,NA,NA,1,1,NA,1,NA,1,1,NA,NA,NA,0,NA,0,0,0,1,1,1,NA,NA,NA,1,1,NA,NA,NA,1,1,NA,NA,NA,0,NA,NA
